-- phpMyAdmin SQL Dump
-- version 5.0.1
-- https://www.phpmyadmin.net/
--
-- Host: 127.0.0.1
-- Generation Time: Feb 09, 2023 at 05:13 AM
-- Server version: 10.4.11-MariaDB
-- PHP Version: 7.4.3

SET SQL_MODE = "NO_AUTO_VALUE_ON_ZERO";
SET AUTOCOMMIT = 0;
START TRANSACTION;
SET time_zone = "+00:00";


/*!40101 SET @OLD_CHARACTER_SET_CLIENT=@@CHARACTER_SET_CLIENT */;
/*!40101 SET @OLD_CHARACTER_SET_RESULTS=@@CHARACTER_SET_RESULTS */;
/*!40101 SET @OLD_COLLATION_CONNECTION=@@COLLATION_CONNECTION */;
/*!40101 SET NAMES utf8mb4 */;

--
-- Database: `coba`
--

-- --------------------------------------------------------

--
-- Table structure for table `agenda`
--

CREATE TABLE `agenda` (
  `id_agenda` int(5) NOT NULL,
  `tema` varchar(100) COLLATE latin1_general_ci NOT NULL,
  `tema_seo` varchar(100) COLLATE latin1_general_ci NOT NULL,
  `isi_agenda` text COLLATE latin1_general_ci NOT NULL,
  `tempat` varchar(100) COLLATE latin1_general_ci NOT NULL,
  `pengirim` varchar(100) COLLATE latin1_general_ci NOT NULL,
  `gambar` varchar(100) COLLATE latin1_general_ci NOT NULL,
  `tgl_mulai` date NOT NULL,
  `tgl_selesai` date NOT NULL,
  `tgl_posting` date NOT NULL,
  `jam` varchar(50) COLLATE latin1_general_ci NOT NULL,
  `dibaca` int(5) NOT NULL DEFAULT 1,
  `username` varchar(50) COLLATE latin1_general_ci NOT NULL
) ENGINE=MyISAM DEFAULT CHARSET=latin1 COLLATE=latin1_general_ci;

-- --------------------------------------------------------

--
-- Table structure for table `album`
--

CREATE TABLE `album` (
  `id_album` int(5) NOT NULL,
  `jdl_album` varchar(100) COLLATE latin1_general_ci NOT NULL,
  `album_seo` varchar(100) COLLATE latin1_general_ci NOT NULL,
  `keterangan` text COLLATE latin1_general_ci NOT NULL,
  `gbr_album` varchar(100) COLLATE latin1_general_ci NOT NULL,
  `aktif` enum('Y','N') COLLATE latin1_general_ci NOT NULL DEFAULT 'Y',
  `hits_album` int(5) NOT NULL DEFAULT 1,
  `tgl_posting` date NOT NULL,
  `jam` time NOT NULL,
  `hari` varchar(20) COLLATE latin1_general_ci NOT NULL,
  `username` varchar(50) COLLATE latin1_general_ci NOT NULL
) ENGINE=MyISAM DEFAULT CHARSET=latin1 COLLATE=latin1_general_ci;

-- --------------------------------------------------------

--
-- Table structure for table `background`
--

CREATE TABLE `background` (
  `id_background` int(5) NOT NULL,
  `gambar` varchar(255) NOT NULL
) ENGINE=MyISAM DEFAULT CHARSET=latin1;

--
-- Dumping data for table `background`
--

INSERT INTO `background` (`id_background`, `gambar`) VALUES
(1, 'pink');

-- --------------------------------------------------------

--
-- Table structure for table `banner`
--

CREATE TABLE `banner` (
  `id_banner` int(5) NOT NULL,
  `judul` varchar(100) COLLATE latin1_general_ci NOT NULL,
  `url` varchar(100) COLLATE latin1_general_ci NOT NULL,
  `gambar` varchar(100) COLLATE latin1_general_ci NOT NULL,
  `tgl_posting` date NOT NULL
) ENGINE=MyISAM DEFAULT CHARSET=latin1 COLLATE=latin1_general_ci;

--
-- Dumping data for table `banner`
--

INSERT INTO `banner` (`id_banner`, `judul`, `url`, `gambar`, `tgl_posting`) VALUES
(19, 'Private Training Web Development', 'https://phpmu.com', '', '2017-05-21'),
(20, 'Kursus Web Programming Online', 'https://phpmu.com', '', '2017-05-21'),
(21, 'Komunitas Belajar web Programming', 'https://phpmu.com', '', '2017-05-21'),
(22, 'Jasa Pembuatan Website Murah', 'https://phpmu.com', '', '2017-05-21'),
(23, 'Komunitas  Pecinta CMS Lokomedia', 'https://phpmu.com', '', '2017-05-21');

-- --------------------------------------------------------

--
-- Table structure for table `banner_produk`
--

CREATE TABLE `banner_produk` (
  `id_banner_produk` int(5) NOT NULL,
  `judul` varchar(100) NOT NULL,
  `url` varchar(100) NOT NULL,
  `tgl_posting` date NOT NULL
) ENGINE=InnoDB DEFAULT CHARSET=utf8mb4;

--
-- Dumping data for table `banner_produk`
--

INSERT INTO `banner_produk` (`id_banner_produk`, `judul`, `url`, `tgl_posting`) VALUES
(0, 'Contoh', 'https://gilakodingan.blogspot.com/', '2023-01-31');

-- --------------------------------------------------------

--
-- Table structure for table `berita`
--

CREATE TABLE `berita` (
  `id_berita` int(5) NOT NULL,
  `id_kategori` int(5) NOT NULL,
  `username` varchar(30) COLLATE latin1_general_ci NOT NULL,
  `judul` varchar(100) CHARACTER SET utf8 COLLATE utf8_unicode_ci NOT NULL,
  `sub_judul` varchar(255) CHARACTER SET utf8 COLLATE utf8_unicode_ci NOT NULL,
  `youtube` varchar(100) COLLATE latin1_general_ci NOT NULL,
  `judul_seo` text CHARACTER SET utf8 COLLATE utf8_unicode_ci NOT NULL,
  `headline` enum('Y','N') COLLATE latin1_general_ci NOT NULL DEFAULT 'Y',
  `aktif` enum('Y','N') COLLATE latin1_general_ci NOT NULL DEFAULT 'N',
  `utama` enum('Y','N') COLLATE latin1_general_ci NOT NULL DEFAULT 'Y',
  `isi_berita` longtext CHARACTER SET utf8 COLLATE utf8_unicode_ci NOT NULL,
  `keterangan_gambar` text COLLATE latin1_general_ci NOT NULL,
  `hari` varchar(20) COLLATE latin1_general_ci NOT NULL,
  `tanggal` date NOT NULL,
  `jam` time NOT NULL,
  `gambar` varchar(100) COLLATE latin1_general_ci NOT NULL,
  `dibaca` int(5) NOT NULL DEFAULT 1,
  `tag` varchar(100) COLLATE latin1_general_ci NOT NULL,
  `status` enum('Y','N') COLLATE latin1_general_ci NOT NULL DEFAULT 'Y'
) ENGINE=MyISAM DEFAULT CHARSET=latin1 COLLATE=latin1_general_ci;

-- --------------------------------------------------------

--
-- Table structure for table `download`
--

CREATE TABLE `download` (
  `id_download` int(5) NOT NULL,
  `judul` varchar(100) COLLATE latin1_general_ci NOT NULL,
  `nama_file` varchar(100) COLLATE latin1_general_ci NOT NULL,
  `tgl_posting` date NOT NULL,
  `hits` int(3) NOT NULL
) ENGINE=MyISAM DEFAULT CHARSET=latin1 COLLATE=latin1_general_ci;

--
-- Dumping data for table `download`
--

INSERT INTO `download` (`id_download`, `judul`, `nama_file`, `tgl_posting`, `hits`) VALUES
(1, 'admin', 'PCX_-_Report-kemal.pdf', '2023-02-04', 18);

-- --------------------------------------------------------

--
-- Table structure for table `gallery`
--

CREATE TABLE `gallery` (
  `id_gallery` int(5) NOT NULL,
  `id_album` int(5) NOT NULL,
  `username` varchar(50) COLLATE latin1_general_ci NOT NULL,
  `jdl_gallery` varchar(100) COLLATE latin1_general_ci NOT NULL,
  `gallery_seo` varchar(100) COLLATE latin1_general_ci NOT NULL,
  `keterangan` text COLLATE latin1_general_ci NOT NULL,
  `gbr_gallery` varchar(100) COLLATE latin1_general_ci NOT NULL
) ENGINE=MyISAM DEFAULT CHARSET=latin1 COLLATE=latin1_general_ci;

-- --------------------------------------------------------

--
-- Table structure for table `halamanstatis`
--

CREATE TABLE `halamanstatis` (
  `id_halaman` int(5) NOT NULL,
  `judul` varchar(100) NOT NULL,
  `judul_seo` varchar(100) NOT NULL,
  `isi_halaman` text NOT NULL,
  `tgl_posting` date NOT NULL,
  `gambar` varchar(100) NOT NULL,
  `username` varchar(50) CHARACTER SET latin1 COLLATE latin1_general_ci NOT NULL,
  `dibaca` int(5) NOT NULL DEFAULT 1,
  `jam` time NOT NULL,
  `hari` varchar(20) CHARACTER SET latin1 COLLATE latin1_general_ci NOT NULL
) ENGINE=MyISAM DEFAULT CHARSET=latin1;

--
-- Dumping data for table `halamanstatis`
--

INSERT INTO `halamanstatis` (`id_halaman`, `judul`, `judul_seo`, `isi_halaman`, `tgl_posting`, `gambar`, `username`, `dibaca`, `jam`, `hari`) VALUES
(46, 'Tentang Kami Tunggul News', 'tentang-kami-tunggul-news', '<p>Tunggul.com merupakan portal online berita dan hiburan yang berfokus pada pembaca Indonesia baik yang berada di tanah air maupun yang tinggal di luar negeri. Berita Tunggul.com diupdate selama 24 jam dan mendapatkan kunjungan lebih dari 190 juta pageviews setiap bulannya (Sumber: Google Analytics).</p>\n<p>Tunggul.com memiliki beragam konten dari berita umum, politik, peristiwa, internasional, ekonomi, lifestyle, selebriti, sports, bola, auto, teknologi, dan lainya. Tunggul juga merupakan salah satu portal pertama yang memberikan inovasi konten video dan mobile (handphone). Para pembaca kami adalah profesional, karyawan kantor, pengusaha, politisi, pelajar, dan ibu rumah tangga.</p>\n<p>Konten berita Tunggul.com ditulis secara tajam, singkat, padat, dan dinamis sebagai respons terhadap tuntutan masyarakat yang semakin efisien dalam membaca berita. Selain itu konsep portal berita online juga semakin menjadi pilihan masyarakat karena sifatnya yang up-to-date dan melaporkan kejadian peristiwa secara instant pada saat itu juga sehingga masyarakat tidak perlu menunggu sampai esok harinya untuk membaca berita yang terjadi.</p>\n<p>Tunggul.com resmi diluncurkan (Commercial Launch) sebagai portal berita pada 1 Maret 2007) dan merupakan cikal-bakal bisnis online pertama milik PT Php MU Tbk, sebuah perusahan media terintegrasi yang terbesar di Indonesia dan di Asia Tenggara. PHPMU juga memiliki dan mengelola bisnis media TV (RCTI, MNC TV, Global TV), media cetak (Koran Seputar Indonesia, Tabloid Genie, Tabloid Mom &amp; Kiddie, majalah HighEnd, dan Trust), media radio (SINDO, Trijaya FM, ARH Global, Radio Dangdut Indonesia, V Radio), serta sejumlah bisnis media lainnya (mobile VAS, Manajemen artis, rumah produksi film, agen iklan, dll).</p>\n<p>Sampai dengan bulan Oktober 2008, Tunggul.com mendapatkan peringkat ke 24 dari Top 100 website terpopuler di Indonesia (Sumber: Alexa.com), peringkat ini terus naik yang disebabkan semakin banyak pengunjung situs yang mengakses Tunggul.com setiap harinya. Selain itu, jumlah pengguna internet yang mencapai 25 juta (Sumber: data APJII per 2005) diperkirakan untuk terus tumbuh dengan signifikan dalam beberapa tahun ke depan.</p>', '2014-04-07', '', 'admin', 50, '13:10:57', 'Senin'),
(48, 'Alamat Perusahaan', 'alamat-perusahaan', '<p>Tunggul.com merupakan portal online berita dan hiburan yang berfokus pada pembaca Indonesia baik yang berada di tanah air maupun yang tinggal di luar negeri. Berita Tunggul.com diupdate selama 24 jam dan mendapatkan kunjungan lebih dari 190 juta pageviews setiap bulannya (Sumber: Google Analytics).</p>\r\n\r\n<p>Tunggul.com memiliki beragam konten dari berita umum, politik, peristiwa, internasional, ekonomi, lifestyle, selebriti, sports, bola, auto, teknologi, dan lainya. Tunggul juga merupakan salah satu portal pertama yang memberikan inovasi konten video dan mobile (handphone). Para pembaca kami adalah profesional, karyawan kantor, pengusaha, politisi, pelajar, dan ibu rumah tangga.</p>\r\n\r\n<p>Tunggul.com memiliki beragam konten dari berita umum, politik, peristiwa, internasional, ekonomi, lifestyle, selebriti, sports, bola, auto, teknologi, dan lainya. Tunggul juga merupakan salah satu portal pertama yang memberikan inovasi konten video dan mobile (handphone). Para pembaca kami adalah profesional, karyawan kantor, pengusaha, politisi, pelajar, dan ibu rumah tangga.</p>\r\n', '2014-04-07', '', 'admin', 24, '13:32:28', 'Senin');

-- --------------------------------------------------------

--
-- Table structure for table `header`
--

CREATE TABLE `header` (
  `id_header` int(5) NOT NULL,
  `judul` varchar(100) COLLATE latin1_general_ci NOT NULL,
  `url` varchar(100) COLLATE latin1_general_ci NOT NULL,
  `gambar` varchar(100) COLLATE latin1_general_ci NOT NULL,
  `tgl_posting` date NOT NULL
) ENGINE=MyISAM DEFAULT CHARSET=latin1 COLLATE=latin1_general_ci;

--
-- Dumping data for table `header`
--

INSERT INTO `header` (`id_header`, `judul`, `url`, `gambar`, `tgl_posting`) VALUES
(31, 'Header3', '', 'header3.jpg', '2011-04-06'),
(32, 'Header2', '', 'header1.jpg', '2011-04-06'),
(33, 'Header1', '', 'header2.jpg', '2011-04-06');

-- --------------------------------------------------------

--
-- Table structure for table `hubungi`
--

CREATE TABLE `hubungi` (
  `id_hubungi` int(5) NOT NULL,
  `nama` varchar(50) COLLATE latin1_general_ci NOT NULL,
  `email` varchar(100) COLLATE latin1_general_ci NOT NULL,
  `subjek` varchar(100) COLLATE latin1_general_ci NOT NULL,
  `pesan` text COLLATE latin1_general_ci NOT NULL,
  `tanggal` date NOT NULL,
  `jam` time NOT NULL,
  `dibaca` enum('Y','N') COLLATE latin1_general_ci NOT NULL DEFAULT 'N',
  `lampiran` varchar(255) COLLATE latin1_general_ci NOT NULL
) ENGINE=MyISAM DEFAULT CHARSET=latin1 COLLATE=latin1_general_ci;

--
-- Dumping data for table `hubungi`
--

INSERT INTO `hubungi` (`id_hubungi`, `nama`, `email`, `subjek`, `pesan`, `tanggal`, `jam`, `dibaca`, `lampiran`) VALUES
(39, 'Robby Prihandaya', 'robby.prihandaya@gmail.com', '::1', 'Kami memiliki komitmen untuk memberikan layanan terbaik kepada Anda dan selalu berusaha untuk menyediakan produk dan layanan terbaik yang Anda butuhkan. Apabila untuk alasan tertentu Anda merasa tidak puas dengan pelayanan kami, Anda dapat menyampaikan kritik dan saran Anda kepada kami. Kami akan menidaklanjuti masukan yang Anda berikan dan bila perlu mengambil tindakan untuk mencegah masalah yang sama terulang kembali.', '2017-01-23', '21:56:12', 'Y', ''),
(35, 'yusri renor', 'aciafifah@gmail.com', 'pertanyaan', 'bagaimana cara mengunduh nomor ujian fak. pertanian', '2014-01-19', '00:00:00', 'Y', ''),
(36, 'Lusi Rahmawati', 'robby.prihandaya@gmail.com', 'xvgxcvxc', 'gbvibviubuibiub', '2014-07-02', '00:00:00', 'Y', ''),
(38, 'Udin Sedunia', 'udin.sedunia@gmail.com', 'Ip Pengirim : 120.177.28.244', 'Silahkan menghubungi kami melalui private message melalui form yang berada pada bagian kanan halaman ini. Kritik dan saran Anda sangat penting bagi kami untuk terus meningkatkan kualitas produk dan layanan yang kami berikan kepada Anda.', '2015-06-02', '00:00:00', 'Y', ''),
(40, 'Robby Prihandaya', 'robby.prihandaya@gmail.com', '::1', 'Kami memiliki komitmen untuk memberikan layanan terbaik kepada Anda dan selalu berusaha untuk menyediakan produk dan layanan terbaik yang Anda butuhkan. Apabila untuk alasan tertentu Anda merasa tidak puas dengan pelayanan kami, Anda dapat menyampaikan kritik dan saran Anda kepada kami. Kami akan menidaklanjuti masukan yang Anda berikan dan bila perlu mengambil tindakan untuk mencegah masalah yang sama terulang kembali.', '2017-01-25', '09:54:45', 'Y', ''),
(41, 'Robby Prihandaya', 'todaynews.co.id@gmail.coms', '::1', 'asdasdasd', '2018-05-04', '19:33:01', 'N', '');

-- --------------------------------------------------------

--
-- Table structure for table `identitas`
--

CREATE TABLE `identitas` (
  `id_identitas` int(5) NOT NULL,
  `nama_website` varchar(100) NOT NULL,
  `email` varchar(100) NOT NULL,
  `url` varchar(100) CHARACTER SET latin1 COLLATE latin1_general_ci NOT NULL,
  `facebook` text CHARACTER SET latin1 COLLATE latin1_general_ci NOT NULL,
  `rekening` varchar(100) NOT NULL,
  `no_telp` varchar(20) CHARACTER SET latin1 COLLATE latin1_general_ci NOT NULL,
  `meta_deskripsi` varchar(250) NOT NULL,
  `meta_keyword` varchar(250) NOT NULL,
  `favicon` varchar(50) NOT NULL,
  `maps` text NOT NULL
) ENGINE=MyISAM DEFAULT CHARSET=latin1;

--
-- Dumping data for table `identitas`
--

INSERT INTO `identitas` (`id_identitas`, `nama_website`, `email`, `url`, `facebook`, `rekening`, `no_telp`, `meta_deskripsi`, `meta_keyword`, `favicon`, `maps`) VALUES
(1, 'mykode', 'i3udi4tu@gmail.com', 'http://localhost/mykode', '////////https://www.facebook.com/robbyprihandaya, https://twitter.com/robbyprihandaya, https://plus.google.com/106633506064864167239, https://id.linkedin.com/', '3511887071', '081267771344', 'Menyajikan berita terbaru, tercepat, dan terpercaya seputar tunggul hitam.', 'Selamat datang di mytoko, adalah penyempurnaan dan perbaikan dari swarakalibata sebelumnya.', 'gila.png', 'https://www.google.com/maps/embed?pb=!1m14!1m8!1m3!1d3989.3358607198243!2d100.35483479999999!3d-0.8910373999999999!3m2!1i1024!2i768!4f13.1!3m3!1m2!1s0x2fd4b8aa1a4e0441%3A0x3f81ebb48d31a38b!2sTunggul+Hitam%2C+Padang+Utara%2C+Kota+Padang%2C+Sumatera+Barat+25173!5e0!3m2!1sid!2sid!4v1408275531365');

-- --------------------------------------------------------

--
-- Table structure for table `iklanatas`
--

CREATE TABLE `iklanatas` (
  `id_iklanatas` int(5) NOT NULL,
  `judul` varchar(100) COLLATE latin1_general_ci NOT NULL,
  `username` varchar(50) COLLATE latin1_general_ci NOT NULL,
  `url` varchar(100) COLLATE latin1_general_ci NOT NULL,
  `gambar` varchar(100) COLLATE latin1_general_ci NOT NULL,
  `tgl_posting` date NOT NULL
) ENGINE=MyISAM DEFAULT CHARSET=latin1 COLLATE=latin1_general_ci;

--
-- Dumping data for table `iklanatas`
--

INSERT INTO `iklanatas` (`id_iklanatas`, `judul`, `username`, `url`, `gambar`, `tgl_posting`) VALUES
(40, 'Iklan atas 1', 'admin', 'https://members.phpmu.com/', '1.jpg', '2019-03-26'),
(41, 'Iklan atas 2', 'admin', 'https://members.phpmu.com/', '2.jpg', '2019-03-26'),
(42, 'Iklan atas 3', 'admin', 'https://members.phpmu.com/', '3.jpg', '2019-03-26'),
(43, 'Iklan atas 4', 'admin', 'https://members.phpmu.com/', '4.jpg', '2019-03-26'),
(44, 'Iklan atas 5', 'admin', 'https://members.phpmu.com/', '5.jpg', '2019-03-26');

-- --------------------------------------------------------

--
-- Table structure for table `iklantengah`
--

CREATE TABLE `iklantengah` (
  `id_iklantengah` int(5) NOT NULL,
  `judul` varchar(100) COLLATE latin1_general_ci NOT NULL,
  `username` varchar(50) COLLATE latin1_general_ci NOT NULL,
  `url` varchar(100) COLLATE latin1_general_ci NOT NULL,
  `gambar` varchar(100) COLLATE latin1_general_ci NOT NULL,
  `tgl_posting` date NOT NULL
) ENGINE=MyISAM DEFAULT CHARSET=latin1 COLLATE=latin1_general_ci;

--
-- Dumping data for table `iklantengah`
--

INSERT INTO `iklantengah` (`id_iklantengah`, `judul`, `username`, `url`, `gambar`, `tgl_posting`) VALUES
(1, 'Iklan Home No 1', 'admin', 'http://phpmu.com', 'home.jpg', '2015-03-17'),
(2, 'Iklan Home No 2', 'admin', 'http://phpmu.com', 'home.jpg', '2015-03-17'),
(3, 'Iklan Home No 3', 'admin', 'http://phpmu.com', 'home.jpg', '2015-03-17'),
(4, 'Iklan Bawah Detail Berita', 'admin', 'http://phpmu.com', 'home.jpg', '2015-03-17'),
(5, 'Iklan dibawah Detail Video', 'admin', 'http://phpmu.com', 'home.jpg', '2015-03-18'),
(6, 'Iklan dibawah Detail Berita Foto', 'admin', 'http://phpmu.com', 'home.swf', '2015-03-19'),
(7, 'Iklan dibawah Halaman Download', 'admin', 'http://phpmu.com', 'home.jpg', '2015-03-17'),
(8, 'Iklan dibawah detail agenda', 'admin', 'http://phpmu.com', 'home.jpg', '2015-03-21'),
(9, 'Iklan dibawah halaman statis', 'admin', 'http://phpmu.com', '', '2015-03-21');

-- --------------------------------------------------------

--
-- Table structure for table `katajelek`
--

CREATE TABLE `katajelek` (
  `id_jelek` int(11) NOT NULL,
  `kata` varchar(60) COLLATE latin1_general_ci DEFAULT NULL,
  `username` varchar(50) COLLATE latin1_general_ci NOT NULL,
  `ganti` varchar(60) COLLATE latin1_general_ci DEFAULT NULL
) ENGINE=MyISAM DEFAULT CHARSET=latin1 COLLATE=latin1_general_ci;

--
-- Dumping data for table `katajelek`
--

INSERT INTO `katajelek` (`id_jelek`, `kata`, `username`, `ganti`) VALUES
(4, 'sex', '', 's**'),
(2, 'bajingan', '', 'b*******'),
(3, 'bangsat', '', 'b******'),
(5, 'fuck', 'admin', 'f**k'),
(6, 'pantat', 'admin', 'p****t');

-- --------------------------------------------------------

--
-- Table structure for table `kategori`
--

CREATE TABLE `kategori` (
  `id_kategori` int(5) NOT NULL,
  `nama_kategori` varchar(50) COLLATE latin1_general_ci NOT NULL,
  `username` varchar(50) COLLATE latin1_general_ci NOT NULL,
  `kategori_seo` varchar(100) COLLATE latin1_general_ci NOT NULL,
  `aktif` enum('Y','N') COLLATE latin1_general_ci NOT NULL DEFAULT 'Y',
  `sidebar` int(10) NOT NULL
) ENGINE=MyISAM DEFAULT CHARSET=latin1 COLLATE=latin1_general_ci;

--
-- Dumping data for table `kategori`
--

INSERT INTO `kategori` (`id_kategori`, `nama_kategori`, `username`, `kategori_seo`, `aktif`, `sidebar`) VALUES
(19, 'Teknologi', '', 'teknologi', 'Y', 2),
(2, 'Olahraga', '', 'olahraga', 'Y', 4),
(21, 'Ekonomi', '', 'ekonomi', 'Y', 7),
(22, 'Politik', '', 'politik', 'N', 0),
(23, 'Hiburan', '', 'hiburan', 'Y', 3),
(31, 'Kesehatan ', '', 'kesehatan-', 'Y', 5),
(34, 'Seni & Budaya', '', 'seni--budaya', 'N', 0),
(41, 'Metropolitan', '', 'metropolitan', 'Y', 6),
(42, 'Dunia Islam', '', 'dunia-islam', 'N', 0),
(44, 'Wisata', '', 'wisata', 'N', 0),
(46, 'Daerah', '', 'daerah', 'N', 0),
(47, 'Gaya Hidup', '', 'gaya-hidup', 'Y', 0),
(48, 'Hukum', '', 'hukum', 'Y', 0),
(52, 'Sejarah Indonesia', 'admin', 'sejarah-indonesia', 'N', 0),
(53, 'Tokoh', 'admin', 'tokoh', 'N', 0),
(54, 'Tutorial', 'admin', 'tutorial', 'N', 0);

-- --------------------------------------------------------

--
-- Table structure for table `komentar`
--

CREATE TABLE `komentar` (
  `id_komentar` int(5) NOT NULL,
  `id_berita` int(5) NOT NULL,
  `nama_komentar` varchar(100) COLLATE latin1_general_ci NOT NULL,
  `url` varchar(100) COLLATE latin1_general_ci NOT NULL,
  `isi_komentar` text COLLATE latin1_general_ci NOT NULL,
  `tgl` date NOT NULL,
  `jam_komentar` time NOT NULL,
  `aktif` enum('Y','N') COLLATE latin1_general_ci NOT NULL DEFAULT 'Y',
  `email` varchar(100) COLLATE latin1_general_ci NOT NULL
) ENGINE=MyISAM DEFAULT CHARSET=latin1 COLLATE=latin1_general_ci;

--
-- Dumping data for table `komentar`
--

INSERT INTO `komentar` (`id_komentar`, `id_berita`, `nama_komentar`, `url`, `isi_komentar`, `tgl`, `jam_komentar`, `aktif`, `email`) VALUES
(84, 650, 'Robby Prihandaya', 'robby.prihandaya@gmail.com', 'Nice  story, Roy suryo dan Susilo bambang yudhoyono memang cucak rowo. :)   ', '2012-01-05', '00:15:45', 'N', 'robby.prihandaya@gmail.com'),
(88, 650, 'Udin Sedunia', 'www.belajarkonseling.com', ' hm...  kae.x  perlu  juga  ne  bantuan  dari  para  konselor...:)		   ', '2012-01-13', '20:09:07', 'Y', 'www.belajarkonseling.com'),
(90, 650, 'Rizal Faizal', 'www.rizal-online.co.cc', ' asyik  aja  dehh...   ', '2012-02-25', '15:01:40', 'Y', 'www.rizal-online.co.cc'),
(91, 645, 'Eka Praja W', 'komputerkampus.com', ' makin  parah  aja  nih  ...\r\nmudah2n  bisa  berbenah  negeri  ku  yg  q  banggakan   ', '2012-03-08', '20:06:07', 'Y', 'komputerkampus.com'),
(137, 650, 'Lukmanul Hakim', '', ' saya  yakin  PHP  juga  bisa  bertahan  sampai  2030   ', '2013-01-19', '18:56:25', 'Y', 'lukmanul.haskim@gmai;.com'),
(146, 645, 'Tommy Utama', 'tommy.utama@gmail.com', ' Calon  hakim  agung  Muhammad  Daming  Sanusi  menyatakan,  hukuman  mati  tidak  layak  diberlakukan  bagi  pelaku  pemerkosaan.   ', '2014-07-21', '21:03:04', 'Y', 'tommy.utama@gmail.com'),
(147, 655, 'Robby Prihandaya', 'robby.prihandaya@gmail.com', 'Mudah-mudahan  windows  8.2  tampilannya  lebih  keren  lagi  dari  windows  8.1 sebelumnya  yang  kurang  enak  di gunakan.  heheheee   ', '2014-07-22', '08:33:04', 'Y', 'robby.prihandaya@gmail.com'),
(144, 650, 'Tommy Utama', 'tommy.utama@gmail.com', 'Pengamat  politik  dari  Charta  Politika,  Yunarto  Wijaya  mempertanyakan  dasar  keputusan  SBY  menunjuk  Roy  Suryo  sebagai  Menpora.   ', '2014-07-21', '20:59:16', 'Y', 'tommy.utama@gmail.com'),
(143, 650, 'Udin Sedunia', 'udin.sedunia@gmail.com', 'Menurut  Yunarto,  Roy  selama  ini  lebih  dikenal  sebagai  pakar  foto  digital  dan  video  serta  dosen  di  sebuah  perguruan  tinggi  negeri.   ', '2014-07-21', '20:57:52', 'Y', 'udin.sedunia@gmail.com'),
(148, 662, 'Robby Prihandaya', 'robby.prihandaya@gmail.com', 'pantat negara yahudi yang sangat perlu untuk dihancurkan /  musnahkan  dan  bantai  seluruh  warga israel..!!!   ', '2014-07-24', '09:29:20', 'Y', 'robby.prihandaya@gmail.com'),
(149, 662, 'Edo Ikfianda', 'edomuhammad90@gmail.com', 'Setelah membentuk Timnas, PSSI versi KLB pimpinan La Nyalla Mahmud Matalitti menunjuk Alfred Riedl sebagai pelatihnya.', '2014-08-09', '17:34:35', 'Y', 'edomuhammad90@gmail.com'),
(152, 650, 'Dewi Safitriir', 'dewi_safitri@gmail.com', 'Peremimpin  tertinggi  Iran,  Ayatollah  Ali  Khamenei  menyampaikan  pernyataan  kontroversial  terkait  ketegangan  di  Gaza.Israele.   ', '2014-08-17', '17:46:28', 'N', 'dewi_safitri@gmail.com'),
(153, 662, 'Robby Prihandaya', 'ww.phpmu.com', 'Anda penyuka Transformer? Tentu hal yang paling menarik saat menonton film Transformer salah satunya adalah saat adegan transformasi yang begitu keren dari sebuah mobil atau truk menjadi robot yang gagah.\r\n\r\nAnda penyuka Transformer? Tentu hal yang paling menarik saat menonton film Transformer salah satunya adalah saat adegan transformasi yang begitu keren dari sebuah mobil atau truk menjadi robot yang gagah.', '2015-03-25', '06:10:12', 'Y', 'robby.prihandaya@gmail.com'),
(154, 642, 'Tommy Utama', 'tommyutama.com', ' Para  pengunjuk  rasa  membawa  bendera-bendera  Palestina  dan  foro-foto  pemimpin  tertinggi  Iran,  Ayatollah  Ali  Khamenei.   ', '2016-11-24', '10:24:15', 'Y', 'tommy.utama@gmail.com'),
(164, 656, 'Robby Prihandaya', 'https://phpmu.com', 'Komentar paling pedas Khamenei adalah Iran tidak pernah mengenal Israel. Negara ini juga secara terang-terangan mendukung Hamas. Hamas sendiri sudah dimasukan ke dalam daftar hitam terorisme oleh Israel.', '2018-04-20', '10:41:54', 'Y', 'robby.prihandaya@gmail.com');

-- --------------------------------------------------------

--
-- Table structure for table `komentarvid`
--

CREATE TABLE `komentarvid` (
  `id_komentar` int(5) NOT NULL,
  `id_video` int(5) NOT NULL,
  `nama_komentar` varchar(100) COLLATE latin1_general_ci NOT NULL,
  `url` varchar(100) COLLATE latin1_general_ci NOT NULL,
  `isi_komentar` text COLLATE latin1_general_ci NOT NULL,
  `tgl` date NOT NULL,
  `jam_komentar` time NOT NULL,
  `aktif` enum('Y','N') COLLATE latin1_general_ci NOT NULL DEFAULT 'Y'
) ENGINE=MyISAM DEFAULT CHARSET=latin1 COLLATE=latin1_general_ci;

--
-- Dumping data for table `komentarvid`
--

INSERT INTO `komentarvid` (`id_komentar`, `id_video`, `nama_komentar`, `url`, `isi_komentar`, `tgl`, `jam_komentar`, `aktif`) VALUES
(107, 160, 'Prabowo Subianto', 'Prabowo@gmail.com', ' Your  email  address  will  not  be  published.  Required  fields  are  marked', '2014-07-21', '13:29:29', 'N'),
(108, 163, 'Robby Prihandaya', 'robby.prihandaya@gmail.com', ' Kita  memang  harus  selamatkan  hutan  indonesia,  walau  apapun  yang  terjadi.   ', '2014-07-21', '13:31:10', 'Y'),
(109, 160, 'Robby Prihandaya', 'robby.prihandaya@gmail.com', ' Swarakalibata  V.3 sekarang  hadir  dengan  tampilan  baru  yang  pastinya  sudah  jauh  lebih  maju  dari  versi  sebelumnya.', '2014-07-21', '21:09:31', 'Y'),
(112, 166, 'Robby Prihandaya', 'robby.prihandaya@gmail.com', 'Exclusive Di IDAFF Acedemy - &quot;Social Blogging Mastery 2&quot; - Workshop 2 Hari Yang Akan Merubah Hidup Anda Di Tahun 2017. Di Bongkar Oleh Ahlinya Cara Paling Mudah Memiliki Penghasillan Sampingan Lewat Internet Hingga Jutaan Rupiah Setiap Bulannya.', '2017-01-25', '09:40:01', 'Y'),
(113, 166, 'Dewiit Safitri', 'dewiit.safitri@gmail.com', 'Pemimpin tertinggi Iran, Ayatollah Ali Khamenei menyampaikan pernyataan kontroversial terkait ketegangan di Gaza. Khamenei mendorong agar Palestina terus melawan Israel. &quot;Salah satu cara untuk menghentikan rezim kurang ajar ini adalah melanjutkan perlawanan dan dan perjuangan bersenjata harus diperluas ke Tepi Barat,&quot; sebut Khamenei, seperti dikutip dari IRNA.', '2017-01-25', '09:40:55', 'Y');

-- --------------------------------------------------------

--
-- Table structure for table `logo`
--

CREATE TABLE `logo` (
  `id_logo` int(5) NOT NULL,
  `gambar` varchar(100) COLLATE latin1_general_ci NOT NULL
) ENGINE=MyISAM DEFAULT CHARSET=latin1 COLLATE=latin1_general_ci;

--
-- Dumping data for table `logo`
--

INSERT INTO `logo` (`id_logo`, `gambar`) VALUES
(15, 'gila.png');

-- --------------------------------------------------------

--
-- Table structure for table `menu`
--

CREATE TABLE `menu` (
  `id_menu` int(5) NOT NULL,
  `id_parent` int(5) NOT NULL DEFAULT 0,
  `nama_menu` varchar(30) NOT NULL,
  `link` varchar(100) NOT NULL,
  `aktif` enum('Ya','Tidak') NOT NULL DEFAULT 'Ya',
  `position` enum('Top','Bottom') DEFAULT 'Bottom',
  `urutan` int(3) NOT NULL
) ENGINE=MyISAM DEFAULT CHARSET=latin1;

--
-- Dumping data for table `menu`
--

INSERT INTO `menu` (`id_menu`, `id_parent`, `nama_menu`, `link`, `aktif`, `position`, `urutan`) VALUES
(117, 0, 'Download', 'download', 'Ya', 'Bottom', 13),
(115, 0, 'Alamat Kami', 'halaman/detail/alamat-perusahaan', 'Ya', 'Top', 3),
(113, 0, 'Tentang Kami', 'halaman/detail/tentang-kami-tunggul-news', 'Ya', 'Top', 2),
(112, 22, 'Dalam Negeri', '#', 'Ya', 'Bottom', 20),
(151, 150, 'Semua Produk', 'produk', 'Ya', 'Bottom', 19),
(150, 0, 'Marketplace System', '#', 'Ya', 'Bottom', 18),
(19, 0, 'Berita Foto', 'albums', 'Ya', 'Bottom', 12),
(18, 0, 'Video', 'playlist', 'Ya', 'Bottom', 11),
(14, 8, 'Teknologi', 'kategori/detail/teknologi', 'Ya', 'Bottom', 9),
(13, 8, 'Internasional', 'kategori/detail/internasional', 'Ya', 'Bottom', 10),
(12, 8, 'Ekonomi', 'kategori/detail/ekonomi', 'Ya', 'Bottom', 7),
(8, 0, 'Berita', '#', 'Ya', 'Bottom', 5),
(11, 8, 'Politik', 'kategori/detail/politik', 'Ya', 'Bottom', 6),
(116, 0, 'Hubungi Kami', 'hubungi', 'Ya', 'Top', 4),
(118, 0, 'Agenda', 'agenda', 'Ya', 'Bottom', 14),
(119, 0, 'Index Berita', 'berita/indeks_berita', 'Ya', 'Top', 1),
(120, 8, 'Tutorial', 'kategori/detail/seni--budaya', 'Ya', 'Bottom', 8),
(121, 0, 'Konsultasi', 'konsultasi', 'Ya', 'Bottom', 15),
(124, 0, 'Kontributor', 'kontributor', 'Ya', 'Bottom', 16),
(126, 22, 'Luar Negeri', '#', 'Ya', 'Bottom', 21),
(147, 0, 'Testimoni', 'testimoni', 'Ya', 'Bottom', 17),
(148, 150, 'Konfirmasi Orders', 'konfirmasi', 'Ya', 'Bottom', 22),
(149, 150, 'Tracking Orders', 'konfirmasi/tracking', 'Ya', 'Bottom', 21),
(152, 150, 'Semua Pelapak', 'produk/reseller', 'Ya', 'Bottom', 20),
(155, 150, 'Orders Report', 'members/orders_report', 'Ya', 'Bottom', 23);

-- --------------------------------------------------------

--
-- Table structure for table `modul`
--

CREATE TABLE `modul` (
  `id_modul` int(5) NOT NULL,
  `nama_modul` varchar(50) CHARACTER SET latin1 COLLATE latin1_general_ci NOT NULL,
  `username` varchar(50) CHARACTER SET latin1 COLLATE latin1_general_ci NOT NULL,
  `link` varchar(100) CHARACTER SET latin1 COLLATE latin1_general_ci NOT NULL,
  `static_content` text CHARACTER SET latin1 COLLATE latin1_general_ci NOT NULL,
  `gambar` varchar(100) CHARACTER SET latin1 COLLATE latin1_general_ci NOT NULL,
  `publish` enum('Y','N') CHARACTER SET latin1 COLLATE latin1_general_ci NOT NULL DEFAULT 'Y',
  `status` enum('user','admin') CHARACTER SET latin1 COLLATE latin1_general_ci NOT NULL,
  `aktif` enum('Y','N') CHARACTER SET latin1 COLLATE latin1_general_ci NOT NULL DEFAULT 'Y',
  `urutan` int(5) NOT NULL,
  `link_seo` varchar(50) CHARACTER SET latin1 COLLATE latin1_general_ci NOT NULL
) ENGINE=MyISAM DEFAULT CHARSET=latin1;

--
-- Dumping data for table `modul`
--

INSERT INTO `modul` (`id_modul`, `nama_modul`, `username`, `link`, `static_content`, `gambar`, `publish`, `status`, `aktif`, `urutan`, `link_seo`) VALUES
(2, 'Manajemen User', 'admin', 'manajemenuser', '', '', 'Y', '', 'Y', 0, ''),
(18, 'Berita', 'admin', 'listberita', '', '', 'Y', '', 'Y', 0, ''),
(71, 'Background Website', 'admin', 'background', '', '', 'N', 'admin', 'N', 0, ''),
(10, 'Manajemen Modul', 'admin', 'manajemenmodul', '', '', 'Y', '', 'Y', 0, ''),
(31, 'Kategori Berita ', 'admin', 'kategorikategori', '', '', 'Y', '', 'Y', 0, ''),
(33, 'Jajak Pendapat', 'admin', 'jajakpendapat', '', '', 'Y', '', 'Y', 0, ''),
(34, 'Tag Berita', 'admin', 'tagberita', '', '', 'Y', '', 'Y', 0, ''),
(35, 'Komentar Berita', 'admin', 'komentarberita', '', '', 'Y', '', 'Y', 0, ''),
(41, 'Agenda', 'admin', 'agenda', '', '', 'Y', '', 'Y', 0, ''),
(43, 'Berita Foto', 'admin', 'album', '', '', 'Y', 'admin', 'Y', 0, ''),
(44, 'Galeri Berita Foto', 'admin', 'gallery', '', '', 'Y', '', 'Y', 0, ''),
(45, 'Template Website', 'admin', 'templatewebsite', '', '', 'Y', '', 'Y', 0, ''),
(46, 'Sensor Kata', 'admin', 'sensorkomentar', '', '', 'Y', '', 'Y', 0, ''),
(61, 'Identitas Website', 'admin', 'identitaswebsite', '', '', 'Y', '', 'Y', 0, ''),
(57, 'Menu Website', 'admin', 'menuwebsite', '', '', 'Y', '', 'Y', 0, ''),
(59, 'Halaman Baru', 'admin', 'halamanbaru', '', '', 'Y', '', 'Y', 0, ''),
(62, 'Video', 'admin', 'video', '', '', 'Y', '', 'Y', 0, ''),
(63, 'Playlist Video', 'admin', 'playlist', '', '', 'Y', '', 'Y', 0, ''),
(64, 'Tag Video', 'admin', 'tagvideo', '', '', 'Y', '', 'Y', 0, ''),
(65, 'Komentar Video', 'admin', 'komentarvideo', '', '', 'Y', '', 'Y', 0, ''),
(66, 'Logo Website', 'admin', 'logowebsite', '', '', 'Y', '', 'Y', 0, ''),
(67, 'Iklan Sidebar', 'admin', 'iklansidebar', '', '', 'N', 'admin', 'N', 0, ''),
(68, 'Iklan Home', 'admin', 'iklanhome', '', '', 'N', 'admin', 'N', 0, ''),
(69, 'Iklan Atas', 'admin', 'iklanatas', '', '', 'N', 'admin', 'N', 0, ''),
(70, 'Pesan Masuk', 'admin', 'pesanmasuk', '', '', 'Y', 'admin', 'Y', 0, ''),
(72, 'Sekilas Info', 'admin', 'sekilasinfo', '', '', 'N', 'admin', 'N', 0, ''),
(73, 'Yahoo Messanger', 'admin', 'ym', '', '', 'N', 'admin', 'N', 0, ''),
(74, 'Download Area', 'admin', 'download', '', '', 'Y', '', 'Y', 0, ''),
(75, 'Alamat Kontak', 'admin', 'alamat', '', '', 'Y', '', 'Y', 0, ''),
(77, 'tes', 'admin', 'tes', '', '', 'Y', '', 'Y', 0, ''),
(78, 'tesss', 'admin', 'tess', '', '', 'Y', 'user', 'Y', 0, '');

-- --------------------------------------------------------

--
-- Table structure for table `mod_alamat`
--

CREATE TABLE `mod_alamat` (
  `id_alamat` int(5) NOT NULL,
  `alamat` text CHARACTER SET latin1 COLLATE latin1_general_ci NOT NULL
) ENGINE=MyISAM DEFAULT CHARSET=latin1;

--
-- Dumping data for table `mod_alamat`
--

INSERT INTO `mod_alamat` (`id_alamat`, `alamat`) VALUES
(1, '<strong>Haloo!</strong>, Kami berkomitmen memberikan layanan terbaik untuk Anda,&nbsp;menyediakan produk dan layanan terbaik yang Anda butuhkan. Apabila untuk alasan tertentu Anda merasa tidak puas dengan pelayanan kami dapat menyampaikan kritik dan saran.<br />\r\n<br />\r\nKami akan menidaklanjuti masukan yang Anda berikan dan bila perlu mengambil tindakan untuk mencegah masalah yang sama terulang kembali.\r\n');

-- --------------------------------------------------------

--
-- Table structure for table `mod_ym`
--

CREATE TABLE `mod_ym` (
  `id` int(11) NOT NULL,
  `nama` varchar(255) COLLATE latin1_general_ci NOT NULL,
  `username` varchar(50) COLLATE latin1_general_ci NOT NULL,
  `ym_icon` int(3) NOT NULL
) ENGINE=MyISAM DEFAULT CHARSET=latin1 COLLATE=latin1_general_ci;

-- --------------------------------------------------------

--
-- Table structure for table `pasangiklan`
--

CREATE TABLE `pasangiklan` (
  `id_pasangiklan` int(5) NOT NULL,
  `judul` varchar(100) COLLATE latin1_general_ci NOT NULL,
  `username` varchar(50) COLLATE latin1_general_ci NOT NULL,
  `url` varchar(100) COLLATE latin1_general_ci NOT NULL,
  `gambar` varchar(100) COLLATE latin1_general_ci NOT NULL,
  `tgl_posting` date NOT NULL
) ENGINE=MyISAM DEFAULT CHARSET=latin1 COLLATE=latin1_general_ci;

--
-- Dumping data for table `pasangiklan`
--

INSERT INTO `pasangiklan` (`id_pasangiklan`, `judul`, `username`, `url`, `gambar`, `tgl_posting`) VALUES
(1, 'Iklan Sidebar Kiri', 'admin', 'http://phpmu.com', 'kiri.jpg', '2014-06-22'),
(2, 'Iklan Sidebar Kanan', 'admin', 'http://phpmu.com', 'kanan.jpg', '2014-06-22');

-- --------------------------------------------------------

--
-- Table structure for table `playlist`
--

CREATE TABLE `playlist` (
  `id_playlist` int(5) NOT NULL,
  `jdl_playlist` varchar(100) COLLATE latin1_general_ci NOT NULL,
  `username` varchar(50) COLLATE latin1_general_ci NOT NULL,
  `playlist_seo` varchar(100) COLLATE latin1_general_ci NOT NULL,
  `gbr_playlist` varchar(100) COLLATE latin1_general_ci NOT NULL,
  `aktif` enum('Y','N') COLLATE latin1_general_ci NOT NULL DEFAULT 'Y'
) ENGINE=MyISAM DEFAULT CHARSET=latin1 COLLATE=latin1_general_ci;

--
-- Dumping data for table `playlist`
--

INSERT INTO `playlist` (`id_playlist`, `jdl_playlist`, `username`, `playlist_seo`, `gbr_playlist`, `aktif`) VALUES
(56, 'Playlist Video 1', 'admin', 'playlist-video-1', '', 'Y'),
(57, 'Playlist Video 2', 'admin', 'playlist-video-2', '', 'Y'),
(61, 'Playlist Video 4', 'admin', 'playlist-video-4', '', 'Y'),
(60, 'Playlist Video 3', 'admin', 'playlist-video-3', '', 'Y');

-- --------------------------------------------------------

--
-- Table structure for table `poling`
--

CREATE TABLE `poling` (
  `id_poling` int(5) NOT NULL,
  `pilihan` varchar(100) COLLATE latin1_general_ci NOT NULL,
  `status` varchar(20) COLLATE latin1_general_ci NOT NULL,
  `username` varchar(50) COLLATE latin1_general_ci NOT NULL,
  `rating` int(5) NOT NULL DEFAULT 0,
  `aktif` enum('Y','N') COLLATE latin1_general_ci NOT NULL
) ENGINE=MyISAM DEFAULT CHARSET=latin1 COLLATE=latin1_general_ci;

--
-- Dumping data for table `poling`
--

INSERT INTO `poling` (`id_poling`, `pilihan`, `status`, `username`, `rating`, `aktif`) VALUES
(18, 'Siapakah Calon Walikota dan Wakil Walikota Padang Favorit Anda?', 'Pertanyaan', 'admin', 0, 'Y'),
(25, 'Mahyeldi Ansyarullah - Emzalmi', 'Jawaban', 'admin', 25, 'Y'),
(31, 'Robby Prihandaya - Dewi Safitri', 'Jawaban', 'admin', 1, 'Y'),
(32, 'Tommy Utama - Laura Hikmah', 'Jawaban', 'admin', 3, 'Y'),
(33, 'Willy Fernando - Vicky Armita', 'Jawaban', 'admin', 9, 'Y'),
(35, 'Laura Himah i Nisaa - Safaruddin', 'Jawaban', 'admin', 5, 'Y');

-- --------------------------------------------------------

--
-- Table structure for table `rb_bonus`
--

CREATE TABLE `rb_bonus` (
  `id_bonus` int(11) NOT NULL,
  `username` varchar(50) NOT NULL,
  `nominal` int(11) NOT NULL,
  `status` enum('1','2') NOT NULL,
  `waktu_bonus` datetime NOT NULL
) ENGINE=MyISAM DEFAULT CHARSET=latin1;

-- --------------------------------------------------------

--
-- Table structure for table `rb_kategori_produk`
--

CREATE TABLE `rb_kategori_produk` (
  `id_kategori_produk` int(11) NOT NULL,
  `nama_kategori` varchar(255) NOT NULL,
  `kategori_seo` varchar(255) NOT NULL
) ENGINE=MyISAM DEFAULT CHARSET=latin1;

--
-- Dumping data for table `rb_kategori_produk`
--

INSERT INTO `rb_kategori_produk` (`id_kategori_produk`, `nama_kategori`, `kategori_seo`) VALUES
(1, 'Aplikasi Mobile', 'aplikasi-mobile'),
(2, 'Website Algoritma', 'website-algoritma'),
(3, 'Website Media', 'website-media'),
(4, 'Website Toko', 'website-toko'),
(5, 'Website Tool', 'website-tool');

-- --------------------------------------------------------

--
-- Table structure for table `rb_kategori_produk_sub`
--

CREATE TABLE `rb_kategori_produk_sub` (
  `id_kategori_produk_sub` int(11) NOT NULL,
  `id_kategori_produk` int(11) NOT NULL,
  `nama_kategori_sub` varchar(255) NOT NULL,
  `kategori_seo_sub` varchar(255) NOT NULL
) ENGINE=MyISAM DEFAULT CHARSET=latin1;

--
-- Dumping data for table `rb_kategori_produk_sub`
--

INSERT INTO `rb_kategori_produk_sub` (`id_kategori_produk_sub`, `id_kategori_produk`, `nama_kategori_sub`, `kategori_seo_sub`) VALUES
(1, 1, 'Java App', 'java-app'),
(2, 2, 'Data Mining', 'data-mining'),
(3, 2, 'Kecerdasan Buatan', 'kecerdasan-buatan'),
(4, 2, 'Sistem Pakar', 'sistem-pakar'),
(5, 3, 'Blog', 'blog'),
(6, 3, 'Portal', 'portal'),
(7, 3, 'Platform', 'platform'),
(8, 4, 'Marketplace', 'marketplace'),
(9, 4, 'Point of Sale', 'point-of-sale'),
(10, 4, 'Toko Online', 'toko-online'),
(11, 5, 'Analisis', 'analisis'),
(12, 5, 'Manager', 'manager');

-- --------------------------------------------------------

--
-- Table structure for table `rb_keterangan`
--

CREATE TABLE `rb_keterangan` (
  `id_keterangan` int(5) NOT NULL,
  `id_konsumen` int(11) NOT NULL,
  `keterangan` text NOT NULL,
  `tanggal_posting` date NOT NULL
) ENGINE=MyISAM DEFAULT CHARSET=latin1;

--
-- Dumping data for table `rb_keterangan`
--

INSERT INTO `rb_keterangan` (`id_keterangan`, `id_konsumen`, `keterangan`, `tanggal_posting`) VALUES
(1, 2, '<b>Informasi dari Reseller :</b><p></p>\r\n<p>Lorem ipsum dolor sit amet, consectetur adipiscing elit. Donec scelerisque condimentum mattis. Suspendisse potenti. Proin vitae elementum nisi. Aliquam eu pretium risus. Nam varius efficitur consectetur. Aenean vestibulum felis sed mollis faucibus. Interdum et malesuada fames ac ante ipsum primis in faucibus. Proin venenatis est sit amet eleifend vehicula. Lorem ipsum dolor sit amet, consectetur adipiscing elit. Integer id nunc eu odio ultrices pulvinar non feugiat felis.&nbsp; dfsdfsdf</p><p>Duis consequat urna sapien, porta gravida diam venenatis at. Duis at ornare enim, ac accumsan eros. Sed in finibus metus. Etiam blandit tristique orci, sit amet congue dui facilisis id. Donec fermentum diam at orci viverra placerat. Sed nunc lorem, cursus nec vestibulum hendrerit, tempus et libero. ertert</p>', '2017-03-31'),
(2, 26, 'Contoh Saja', '2023-01-29'),
(3, 27, 'Terpecaya', '2023-02-01'),
(4, 1, 'Suskses selalu', '2023-02-03');

-- --------------------------------------------------------

--
-- Table structure for table `rb_konfirmasi_pembayaran`
--

CREATE TABLE `rb_konfirmasi_pembayaran` (
  `id_konfirmasi_pembayaran` int(11) NOT NULL,
  `id_penjualan` int(11) NOT NULL,
  `total_transfer` varchar(20) NOT NULL,
  `id_rekening` int(11) NOT NULL,
  `nama_pengirim` varchar(255) NOT NULL,
  `tanggal_transfer` date NOT NULL,
  `bukti_transfer` varchar(255) NOT NULL,
  `waktu_konfirmasi` datetime NOT NULL
) ENGINE=MyISAM DEFAULT CHARSET=latin1;

-- --------------------------------------------------------

--
-- Table structure for table `rb_konfirmasi_pembayaran_konsumen`
--

CREATE TABLE `rb_konfirmasi_pembayaran_konsumen` (
  `id_konfirmasi_pembayaran` int(11) NOT NULL,
  `id_penjualan` int(11) NOT NULL,
  `total_transfer` varchar(20) NOT NULL,
  `id_rekening` int(11) NOT NULL,
  `nama_pengirim` varchar(255) NOT NULL,
  `tanggal_transfer` date NOT NULL,
  `bukti_transfer` varchar(255) NOT NULL,
  `waktu_konfirmasi` datetime NOT NULL
) ENGINE=MyISAM DEFAULT CHARSET=latin1;

-- --------------------------------------------------------

--
-- Table structure for table `rb_konsumen`
--

CREATE TABLE `rb_konsumen` (
  `id_konsumen` int(11) NOT NULL,
  `username` varchar(60) NOT NULL,
  `password` text NOT NULL,
  `nama_lengkap` varchar(255) NOT NULL,
  `jenis_kelamin` varchar(50) NOT NULL,
  `email` varchar(60) NOT NULL,
  `alamat_lengkap` text NOT NULL,
  `pekerjaan` varchar(50) NOT NULL,
  `no_hp` varchar(15) NOT NULL,
  `foto` varchar(255) NOT NULL,
  `keterangan` text NOT NULL,
  `tanggal_daftar` date NOT NULL,
  `referral` varchar(50) NOT NULL
) ENGINE=MyISAM DEFAULT CHARSET=latin1;

--
-- Dumping data for table `rb_konsumen`
--

INSERT INTO `rb_konsumen` (`id_konsumen`, `username`, `password`, `nama_lengkap`, `jenis_kelamin`, `email`, `alamat_lengkap`, `pekerjaan`, `no_hp`, `foto`, `keterangan`, `tanggal_daftar`, `referral`) VALUES
(1, 'budiatu', 'b700dfc50a68f72bc183778a98c184b901bf1533969aeee85c076fd2e1d42f16d8df97343d834f427866bbe17558fa1171c60d5c4a38f283d411d84a4a15543e', 'Budi Atu', 'Laki-laki', 'i3udi4tu@gmail.com', 'jL.Pahlawan', 'Programmer', '083897318462', '20220801_1506213.jpg', 'Seorang Programmer', '2023-02-03', 'budiatu');

-- --------------------------------------------------------

--
-- Table structure for table `rb_pembayaran_bonus`
--

CREATE TABLE `rb_pembayaran_bonus` (
  `id_pembayaran_bonus` int(10) NOT NULL,
  `username` varchar(60) NOT NULL,
  `nominal_bayar` int(10) NOT NULL,
  `waktu_bayar` date NOT NULL
) ENGINE=MyISAM DEFAULT CHARSET=latin1;

--
-- Dumping data for table `rb_pembayaran_bonus`
--

INSERT INTO `rb_pembayaran_bonus` (`id_pembayaran_bonus`, `username`, `nominal_bayar`, `waktu_bayar`) VALUES
(1, 'arsenio', 50000, '2017-04-11'),
(2, 'robby', 70000, '2017-04-11');

-- --------------------------------------------------------

--
-- Table structure for table `rb_pembelian`
--

CREATE TABLE `rb_pembelian` (
  `id_pembelian` int(11) NOT NULL,
  `kode_pembelian` varchar(50) NOT NULL,
  `id_supplier` int(11) NOT NULL,
  `waktu_beli` datetime NOT NULL
) ENGINE=MyISAM DEFAULT CHARSET=latin1;

-- --------------------------------------------------------

--
-- Table structure for table `rb_pembelian_detail`
--

CREATE TABLE `rb_pembelian_detail` (
  `id_pembelian_detail` int(11) NOT NULL,
  `id_pembelian` int(11) NOT NULL,
  `id_produk` int(11) NOT NULL,
  `harga_pesan` int(11) NOT NULL,
  `jumlah_pesan` int(11) NOT NULL,
  `satuan` varchar(50) NOT NULL
) ENGINE=MyISAM DEFAULT CHARSET=latin1;

-- --------------------------------------------------------

--
-- Table structure for table `rb_pencairan_bonus`
--

CREATE TABLE `rb_pencairan_bonus` (
  `id_pencairan_bonus` int(11) NOT NULL,
  `id_konsumen` int(11) NOT NULL,
  `bonus_referral` int(11) NOT NULL,
  `waktu_pencairan` datetime NOT NULL
) ENGINE=MyISAM DEFAULT CHARSET=latin1;

--
-- Dumping data for table `rb_pencairan_bonus`
--

INSERT INTO `rb_pencairan_bonus` (`id_pencairan_bonus`, `id_konsumen`, `bonus_referral`, `waktu_pencairan`) VALUES
(2, 1, 20000, '2017-06-04 13:39:15'),
(4, 1, 24450, '2019-03-22 08:18:17');

-- --------------------------------------------------------

--
-- Table structure for table `rb_pencairan_reward`
--

CREATE TABLE `rb_pencairan_reward` (
  `id_pencairan_reward` int(11) NOT NULL,
  `id_konsumen` int(11) NOT NULL,
  `id_reward` int(11) NOT NULL,
  `reward_date` varchar(10) NOT NULL,
  `waktu_pencairan` datetime NOT NULL
) ENGINE=MyISAM DEFAULT CHARSET=latin1;

--
-- Dumping data for table `rb_pencairan_reward`
--

INSERT INTO `rb_pencairan_reward` (`id_pencairan_reward`, `id_konsumen`, `id_reward`, `reward_date`, `waktu_pencairan`) VALUES
(5, 2, 1, '2019-03', '2019-03-22 09:12:01');

-- --------------------------------------------------------

--
-- Table structure for table `rb_penjualan`
--

CREATE TABLE `rb_penjualan` (
  `id_penjualan` int(11) NOT NULL,
  `kode_transaksi` varchar(50) NOT NULL,
  `id_pembeli` int(11) NOT NULL,
  `id_penjual` int(11) NOT NULL DEFAULT 0,
  `status_pembeli` enum('reseller','konsumen') NOT NULL,
  `status_penjual` enum('admin','reseller') NOT NULL,
  `kurir` varchar(255) NOT NULL,
  `service` varchar(255) NOT NULL,
  `ongkir` int(11) NOT NULL,
  `waktu_transaksi` datetime NOT NULL,
  `proses` enum('0','1','2') NOT NULL
) ENGINE=MyISAM DEFAULT CHARSET=latin1;

-- --------------------------------------------------------

--
-- Table structure for table `rb_penjualan_detail`
--

CREATE TABLE `rb_penjualan_detail` (
  `id_penjualan_detail` int(11) NOT NULL,
  `id_penjualan` int(11) NOT NULL,
  `id_produk` int(11) NOT NULL,
  `jumlah` int(11) NOT NULL,
  `diskon` int(11) NOT NULL,
  `harga_jual` int(11) NOT NULL,
  `satuan` varchar(50) NOT NULL
) ENGINE=MyISAM DEFAULT CHARSET=latin1;

-- --------------------------------------------------------

--
-- Table structure for table `rb_penjualan_temp`
--

CREATE TABLE `rb_penjualan_temp` (
  `id_penjualan_detail` int(11) NOT NULL,
  `session` varchar(50) NOT NULL,
  `id_produk` int(11) NOT NULL,
  `jumlah` int(11) NOT NULL,
  `diskon` int(11) DEFAULT NULL,
  `harga_jual` int(11) NOT NULL,
  `satuan` varchar(50) NOT NULL,
  `waktu_order` datetime NOT NULL
) ENGINE=MyISAM DEFAULT CHARSET=latin1;

-- --------------------------------------------------------

--
-- Table structure for table `rb_produk`
--

CREATE TABLE `rb_produk` (
  `id_produk` int(11) NOT NULL,
  `id_produk_perusahaan` int(11) NOT NULL,
  `id_kategori_produk` int(11) NOT NULL,
  `id_kategori_produk_sub` int(11) NOT NULL,
  `id_konsumen` int(11) NOT NULL,
  `nama_produk` varchar(255) NOT NULL,
  `produk_seo` varchar(255) NOT NULL,
  `url_demo` varchar(50) NOT NULL,
  `harga_beli` int(11) NOT NULL,
  `harga_reseller` int(11) NOT NULL,
  `harga_konsumen` int(11) NOT NULL,
  `sorurl` varchar(50) NOT NULL,
  `gambar` varchar(255) NOT NULL,
  `keterangan` text NOT NULL,
  `username` varchar(50) NOT NULL,
  `waktu_input` datetime NOT NULL
) ENGINE=MyISAM DEFAULT CHARSET=latin1;

--
-- Dumping data for table `rb_produk`
--

INSERT INTO `rb_produk` (`id_produk`, `id_produk_perusahaan`, `id_kategori_produk`, `id_kategori_produk_sub`, `id_konsumen`, `nama_produk`, `produk_seo`, `url_demo`, `harga_beli`, `harga_reseller`, `harga_konsumen`, `sorurl`, `gambar`, `keterangan`, `username`, `waktu_input`) VALUES
(1, 0, 2, 2, 1, 'Aplikasi Apriori', 'aplikasi-apriori', 'https://coba.com', 3000000, 0, 5000000, 'https://gilakodingan.blogspot.com/', 'gilakodingan1.jpg', 'Aplikasi Apriori Data Mining', '', '2023-02-03 20:43:36');

-- --------------------------------------------------------

--
-- Table structure for table `rb_produk_diskon`
--

CREATE TABLE `rb_produk_diskon` (
  `id_produk_diskon` int(11) NOT NULL,
  `id_produk` int(11) NOT NULL,
  `id_konsumen` int(11) NOT NULL,
  `diskon` int(11) NOT NULL
) ENGINE=MyISAM DEFAULT CHARSET=latin1;

--
-- Dumping data for table `rb_produk_diskon`
--

INSERT INTO `rb_produk_diskon` (`id_produk_diskon`, `id_produk`, `id_konsumen`, `diskon`) VALUES
(1, 1, 1, 0);

-- --------------------------------------------------------

--
-- Table structure for table `rb_rekening`
--

CREATE TABLE `rb_rekening` (
  `id_rekening` int(5) NOT NULL,
  `nama_bank` varchar(50) NOT NULL,
  `no_rekening` varchar(50) NOT NULL,
  `pemilik_rekening` varchar(150) NOT NULL
) ENGINE=MyISAM DEFAULT CHARSET=latin1;

--
-- Dumping data for table `rb_rekening`
--

INSERT INTO `rb_rekening` (`id_rekening`, `nama_bank`, `no_rekening`, `pemilik_rekening`) VALUES
(1, 'Bank BNI Syariah', '0817 0242 31', 'PT. BUKAKAPAK Indonesia'),
(2, 'Bank Mandiri Syariah', '7128 5288 67', 'PT. BUKAKAPAK Indonesia ');

-- --------------------------------------------------------

--
-- Table structure for table `rb_rekening_reseller`
--

CREATE TABLE `rb_rekening_reseller` (
  `id_rekening_reseller` int(11) NOT NULL,
  `id_konsumen` int(11) NOT NULL,
  `nama_bank` varchar(50) NOT NULL,
  `no_rekening` varchar(50) NOT NULL,
  `pemilik_rekening` varchar(150) NOT NULL
) ENGINE=MyISAM DEFAULT CHARSET=latin1;

--
-- Dumping data for table `rb_rekening_reseller`
--

INSERT INTO `rb_rekening_reseller` (`id_rekening_reseller`, `id_konsumen`, `nama_bank`, `no_rekening`, `pemilik_rekening`) VALUES
(1, 2, 'Bank Danamon', '56234234000', 'Syarii Sentral'),
(2, 2, 'Bank BCA', '10823422', 'Syarii Sentral'),
(3, 3, 'Bank Mandiri', '234123123332', 'Kalifah Umayyah'),
(8, 26, 'BRI', '12345678', 'Contoh Saja'),
(9, 27, 'BCA', '123783981', 'cobacoba'),
(10, 1, 'BRI', '123456789', 'Budi Santoso');

-- --------------------------------------------------------

--
-- Table structure for table `rb_reseller`
--

CREATE TABLE `rb_reseller` (
  `id_reseller` int(11) NOT NULL,
  `username` varchar(50) NOT NULL,
  `password` varchar(255) NOT NULL,
  `nama_reseller` varchar(255) NOT NULL,
  `jenis_kelamin` varchar(50) NOT NULL,
  `kota_id` int(11) NOT NULL,
  `alamat_lengkap` text NOT NULL,
  `no_telpon` varchar(15) NOT NULL,
  `email` varchar(100) NOT NULL,
  `kode_pos` int(7) NOT NULL,
  `keterangan` text NOT NULL,
  `foto` varchar(255) NOT NULL,
  `referral` varchar(50) NOT NULL,
  `tanggal_daftar` datetime NOT NULL
) ENGINE=MyISAM DEFAULT CHARSET=latin1;

-- --------------------------------------------------------

--
-- Table structure for table `rb_reward`
--

CREATE TABLE `rb_reward` (
  `id_reward` int(5) NOT NULL,
  `posisi` int(100) NOT NULL,
  `reward` varchar(255) NOT NULL
) ENGINE=MyISAM DEFAULT CHARSET=latin1;

--
-- Dumping data for table `rb_reward`
--

INSERT INTO `rb_reward` (`id_reward`, `posisi`, `reward`) VALUES
(1, 100000, 'Samsung Galaxy Senilai 2.500.000'),
(2, 500000, 'Laptop Asus Senilai 5.000.000'),
(3, 1000000, 'Pergi Umroh Senilai 25.000.000'),
(4, 90000000, 'Mobil Seken Senilai 50.000.000'),
(5, 120000000, 'Mobil Mewah Senilai 80.000.000'),
(7, 150000000, 'Rumah Mewah Senilai 100.000.000');

-- --------------------------------------------------------

--
-- Table structure for table `rb_setting`
--

CREATE TABLE `rb_setting` (
  `id_setting` int(11) NOT NULL,
  `referral` int(11) NOT NULL,
  `tanggal_pencairan` varchar(11) NOT NULL,
  `aktif` enum('Y','N') NOT NULL
) ENGINE=MyISAM DEFAULT CHARSET=latin1;

--
-- Dumping data for table `rb_setting`
--

INSERT INTO `rb_setting` (`id_setting`, `referral`, `tanggal_pencairan`, `aktif`) VALUES
(1, 5, '1', 'Y');

-- --------------------------------------------------------

--
-- Table structure for table `rb_supplier`
--

CREATE TABLE `rb_supplier` (
  `id_supplier` int(11) NOT NULL,
  `nama_supplier` varchar(255) NOT NULL,
  `kontak_person` varchar(100) NOT NULL,
  `alamat_lengkap` text NOT NULL,
  `no_hp` varchar(15) NOT NULL,
  `alamat_email` varchar(100) NOT NULL,
  `kode_pos` int(10) NOT NULL,
  `no_telpon` varchar(15) NOT NULL,
  `fax` varchar(15) NOT NULL,
  `keterangan` text NOT NULL
) ENGINE=MyISAM DEFAULT CHARSET=latin1;

--
-- Dumping data for table `rb_supplier`
--

INSERT INTO `rb_supplier` (`id_supplier`, `nama_supplier`, `kontak_person`, `alamat_lengkap`, `no_hp`, `alamat_email`, `kode_pos`, `no_telpon`, `fax`, `keterangan`) VALUES
(1, 'PT. Elektronik Jaya Abadi', 'Muhammad Arsen', 'Jl. Siti Nurbayara, No 23 D, Tunggul Hitam, Padang', '082173054522', 'jaya.abadi@gmail.com', 56123, '0751461692', '0751461691', 'Tidak ada keterangan,..'),
(2, 'PT. Muda Hardware Sejahtera', 'Saiful Tanjung', 'Jl. Persada Ramayana, Ulak Karang, Padang', '098912334566', 'hardware.sejahtera@gmail.com', 87632, '075165321', '075165312', 'Tidak ada keterangan,..'),
(3, 'PT.Antasari Jaya Melajaya', 'Roberto Duransi', 'Jl. Kilometer Jaya Raya', '081288991244', 'roberto.melajaya@gmail.com', 12456, '0751890231', '0751890234', 'Tidak ada keterangan untuk supplier ini...');

-- --------------------------------------------------------

--
-- Table structure for table `sekilasinfo`
--

CREATE TABLE `sekilasinfo` (
  `id_sekilas` int(5) NOT NULL,
  `info` varchar(100) COLLATE latin1_general_ci NOT NULL,
  `tgl_posting` date NOT NULL,
  `gambar` varchar(100) COLLATE latin1_general_ci NOT NULL,
  `aktif` enum('Y','N') COLLATE latin1_general_ci NOT NULL DEFAULT 'Y'
) ENGINE=MyISAM DEFAULT CHARSET=latin1 COLLATE=latin1_general_ci;

--
-- Dumping data for table `sekilasinfo`
--

INSERT INTO `sekilasinfo` (`id_sekilas`, `info`, `tgl_posting`, `gambar`, `aktif`) VALUES
(1, 'Anak yang mengalami gangguan tidur, cenderung memakai obat2an dan alkohol berlebih saat dewasa.', '2015-04-11', '', 'Y'),
(2, 'WHO merilis, 30 persen anak di dunia kecanduan komputer dan menonton televisi.', '2015-03-16', '', 'Y'),
(3, 'Menurut peneliti di Detroit, orang yang selalu tersenyum lebar cenderung hidup lama.', '2015-04-17', '', 'Y'),
(4, 'Menurut United Stated Trade Representatives, 25% obat yang beredar di adalah palsu.', '2015-04-17', '', 'Y');

-- --------------------------------------------------------

--
-- Table structure for table `statistik`
--

CREATE TABLE `statistik` (
  `ip` varchar(20) NOT NULL DEFAULT '',
  `tanggal` date NOT NULL,
  `hits` int(10) NOT NULL DEFAULT 1,
  `online` varchar(255) NOT NULL
) ENGINE=MyISAM DEFAULT CHARSET=latin1;

--
-- Dumping data for table `statistik`
--

INSERT INTO `statistik` (`ip`, `tanggal`, `hits`, `online`) VALUES
('223.255.231.148', '2014-05-06', 1, '1399357334'),
('223.255.231.147', '2014-05-15', 3, '1400119147'),
('223.255.224.73', '2014-05-15', 12, '1400123797'),
('223.255.224.69', '2014-05-16', 2, '1400215103'),
('118.96.51.231', '2014-05-16', 19, '1400233044'),
('223.255.231.146', '2014-05-16', 2, '1400228049'),
('::1', '2014-06-20', 2, '1403230579'),
('::1', '2014-06-22', 8, '1403436591'),
('223.255.231.154', '2014-06-26', 1, '1403739948'),
('223.255.231.148', '2014-06-26', 6, '1403745715'),
('223.255.224.74', '2014-06-26', 1, '1403748060'),
('223.255.224.69', '2014-06-26', 1, '1403753239'),
('223.255.224.77', '2014-06-29', 1, '1404039342'),
('::1', '2014-07-02', 6, '1404277263'),
('127.0.0.1', '2014-07-17', 2, '1405582494'),
('127.0.0.1', '2014-07-21', 1, '1405929828'),
('36.76.60.43', '2014-07-21', 1, '1405951864'),
('223.255.231.154', '2014-07-21', 2, '1405957200'),
('223.255.227.21', '2014-07-22', 1, '1405995171'),
('223.255.231.146', '2014-07-22', 1, '1405997152'),
('223.255.227.21', '2014-07-23', 1, '1406100212'),
('223.255.227.17', '2014-07-23', 1, '1406104552'),
('223.255.227.23', '2014-07-24', 1, '1406168095'),
('223.255.231.153', '2014-07-24', 1, '1406204439'),
('223.255.231.146', '2014-07-25', 1, '1406268985'),
('180.76.5.193', '2014-08-06', 1, '1407302738'),
('180.76.5.23', '2014-08-06', 1, '1407304739'),
('202.67.36.241', '2014-08-06', 1, '1407305643'),
('198.148.27.22', '2014-08-06', 1, '1407306703'),
('180.251.170.42', '2014-08-06', 7, '1407310167'),
('128.199.171.191', '2014-08-06', 3, '1407323435'),
('223.255.231.149', '2014-08-06', 2, '1407309879'),
('223.255.227.28', '2014-08-06', 8, '1407311801'),
('103.24.49.242', '2014-08-06', 1, '1407312326'),
('223.255.231.146', '2014-08-06', 1, '1407313297'),
('180.214.233.34', '2014-08-06', 1, '1407321063'),
('66.249.77.87', '2014-08-06', 1, '1407323509'),
('223.255.227.30', '2014-08-06', 1, '1407325862'),
('180.254.207.13', '2014-08-06', 5, '1407330687'),
('114.79.13.199', '2014-08-06', 1, '1407336900'),
('202.152.199.34', '2014-08-06', 7, '1407337100'),
('180.76.6.21', '2014-08-07', 1, '1407347753'),
('114.79.13.55', '2014-08-07', 3, '1407354277'),
('114.125.41.136', '2014-08-07', 1, '1407352625'),
('180.76.6.147', '2014-08-07', 1, '1407355344'),
('180.76.6.64', '2014-08-07', 1, '1407367237'),
('69.171.247.116', '2014-08-07', 1, '1407379834'),
('69.171.247.119', '2014-08-07', 1, '1407379834'),
('69.171.247.114', '2014-08-07', 1, '1407379834'),
('69.171.247.115', '2014-08-07', 1, '1407379834'),
('202.67.34.29', '2014-08-07', 2, '1407380415'),
('36.76.52.112', '2014-08-07', 1, '1407380496'),
('223.255.231.145', '2014-08-07', 5, '1407387045'),
('223.255.231.153', '2014-08-07', 2, '1407388883'),
('223.255.227.27', '2014-08-07', 1, '1407393087'),
('180.76.5.25', '2014-08-07', 1, '1407394749'),
('223.255.231.146', '2014-08-07', 1, '1407397183'),
('157.55.39.248', '2014-08-07', 1, '1407397231'),
('180.254.200.55', '2014-08-07', 2, '1407399466'),
('110.139.67.15', '2014-08-07', 8, '1407399221'),
('180.242.17.64', '2014-08-07', 11, '1407414373'),
('141.0.8.59', '2014-08-07', 1, '1407412384'),
('110.76.149.91', '2014-08-07', 1, '1407422367'),
('223.255.231.151', '2014-08-07', 3, '1407426943'),
('82.145.209.206', '2014-08-07', 1, '1407430369'),
('223.255.227.28', '2014-08-08', 3, '1407469589'),
('66.93.156.50', '2014-08-08', 1, '1407472340'),
('202.62.17.47', '2014-08-08', 1, '1407484393'),
('36.70.135.163', '2014-08-08', 6, '1407485987'),
('173.252.74.115', '2014-08-08', 1, '1407485153'),
('118.96.58.136', '2014-08-08', 2, '1407486347'),
('114.79.29.68', '2014-08-08', 1, '1407502537'),
('66.220.156.113', '2014-08-08', 1, '1407503375'),
('112.215.66.79', '2014-08-08', 1, '1407503381'),
('125.163.113.156', '2014-08-08', 9, '1407508824'),
('180.76.5.94', '2014-08-08', 1, '1407508624'),
('120.172.9.192', '2014-08-08', 1, '1407515634'),
('202.67.41.51', '2014-08-08', 1, '1407515702'),
('180.253.243.222', '2014-08-09', 1, '1407542724'),
('36.75.224.20', '2014-08-09', 1, '1407548005'),
('180.76.5.65', '2014-08-09', 1, '1407548865'),
('66.249.77.77', '2014-08-09', 2, '1407582711'),
('180.76.6.137', '2014-08-09', 1, '1407553037'),
('66.249.77.87', '2014-08-09', 1, '1407554836'),
('66.249.77.97', '2014-08-09', 2, '1407562640'),
('120.177.44.126', '2014-08-09', 2, '1407558625'),
('223.255.231.145', '2014-08-09', 3, '1407558663'),
('36.73.64.113', '2014-08-09', 1, '1407558640'),
('36.72.187.12', '2014-08-09', 1, '1407560351'),
('202.67.41.51', '2014-08-09', 1, '1407561096'),
('114.125.60.68', '2014-08-09', 4, '1407561514'),
('202.67.40.50', '2014-08-09', 1, '1407562007'),
('180.76.6.136', '2014-08-09', 1, '1407562581'),
('110.232.81.2', '2014-08-09', 5, '1407563275'),
('146.185.28.59', '2014-08-09', 1, '1407564768'),
('120.174.157.139', '2014-08-09', 1, '1407568139'),
('223.255.227.23', '2014-08-09', 2, '1407570163'),
('193.105.210.119', '2014-08-09', 1, '1407577518'),
('125.162.57.66', '2014-08-09', 2, '1407579822'),
('180.241.163.1', '2014-08-09', 8, '1407580493'),
('36.76.44.163', '2014-08-09', 6, '1407603574'),
('180.76.5.144', '2014-08-09', 1, '1407582757'),
('107.167.103.40', '2014-08-09', 1, '1407586189'),
('36.68.48.23', '2014-08-09', 1, '1407586974'),
('192.99.218.151', '2014-08-09', 4, '1407587574'),
('36.74.55.24', '2014-08-09', 3, '1407589161'),
('118.97.212.184', '2014-08-09', 8, '1407595169'),
('36.72.114.118', '2014-08-09', 2, '1407597684'),
('180.76.5.153', '2014-08-09', 1, '1407602870'),
('180.76.5.59', '2014-08-09', 1, '1407603153'),
('180.76.5.18', '2014-08-10', 1, '1407606581'),
('180.254.155.156', '2014-08-10', 2, '1407607003'),
('180.76.6.42', '2014-08-10', 1, '1407608363'),
('36.68.242.217', '2014-08-10', 5, '1407627100'),
('66.249.77.77', '2014-08-10', 2, '1407633623'),
('202.67.44.64', '2014-08-10', 1, '1407629598'),
('180.76.6.43', '2014-08-10', 1, '1407631270'),
('118.97.212.182', '2014-08-10', 4, '1407632228'),
('139.0.102.140', '2014-08-10', 1, '1407633944'),
('66.249.77.87', '2014-08-10', 1, '1407636902'),
('66.249.77.97', '2014-08-10', 1, '1407639983'),
('180.76.6.159', '2014-08-10', 1, '1407640798'),
('118.97.212.181', '2014-08-10', 3, '1407642556'),
('36.68.46.37', '2014-08-10', 2, '1407642940'),
('180.76.5.69', '2014-08-10', 1, '1407645158'),
('180.76.5.80', '2014-08-10', 1, '1407648268'),
('180.76.5.143', '2014-08-10', 1, '1407650068'),
('223.255.231.145', '2014-08-10', 1, '1407650216'),
('180.76.6.149', '2014-08-10', 1, '1407657020'),
('36.77.183.218', '2014-08-10', 2, '1407657119'),
('127.0.0.1', '2014-08-10', 2, '1407660057'),
('127.0.0.1', '2014-08-11', 2, '1407725194'),
('127.0.0.1', '2014-08-12', 1, '1407862185'),
('127.0.0.1', '2014-08-13', 1, '1407899819'),
('127.0.0.1', '2014-08-17', 44, '1408287630'),
('127.0.0.1', '2014-08-18', 253, '1408372590'),
('127.0.0.1', '2014-08-19', 4, '1408413702'),
('::1', '2014-08-19', 90, '1408433250'),
('::1', '2014-08-31', 1, '1409487043'),
('::1', '2015-03-11', 11, '1426061663'),
('::1', '2015-03-12', 1, '1426114982'),
('::1', '2015-03-15', 32, '1426430637'),
('::1', '2015-03-18', 137, '1426666506'),
('::1', '2015-03-19', 143, '1426751746'),
('::1', '2015-03-21', 198, '1426912294'),
('::1', '2015-03-22', 554, '1427039069'),
('127.0.0.1', '2015-03-22', 1, '1427030317'),
('::1', '2015-03-23', 275, '1427093113'),
('::1', '2015-03-24', 42, '1427179474'),
('::1', '2015-03-25', 45, '1427251499'),
('39.225.164.2', '2015-05-14', 7, '1431584409'),
('119.110.72.130', '2015-05-14', 30, '1431595368'),
('89.145.95.2', '2015-05-14', 1, '1431582645'),
('66.220.158.118', '2015-05-14', 1, '1431582842'),
('66.220.158.115', '2015-05-14', 1, '1431582852'),
('66.220.158.112', '2015-05-14', 3, '1431595371'),
('66.220.158.119', '2015-05-14', 1, '1431582942'),
('114.125.43.185', '2015-05-14', 5, '1431602132'),
('119.110.72.130', '2015-05-15', 1, '1431673658'),
('114.125.45.206', '2015-05-16', 18, '1431741581'),
('66.220.158.116', '2015-05-16', 1, '1431741049'),
('66.220.158.118', '2015-05-16', 1, '1431741224'),
('66.220.158.114', '2015-05-16', 1, '1431741233'),
('39.229.6.148', '2015-05-16', 11, '1431791037'),
('39.225.236.155', '2015-05-17', 8, '1431862096'),
('119.110.72.130', '2015-05-19', 6, '1432006569'),
('89.145.95.42', '2015-05-19', 2, '1432006661'),
('114.121.133.117', '2015-05-19', 3, '1432046663'),
('124.195.114.65', '2015-05-28', 16, '1432832381'),
('66.220.158.119', '2015-05-28', 1, '1432831000'),
('66.220.158.115', '2015-05-28', 1, '1432831013'),
('66.220.158.116', '2015-05-28', 1, '1432832385'),
('124.195.114.65', '2015-05-29', 77, '1432836214'),
('66.220.158.113', '2015-05-29', 1, '1432835961'),
('66.249.84.178', '2015-05-29', 1, '1432836220'),
('103.246.200.14', '2015-05-29', 1, '1432851867'),
('103.246.200.59', '2015-05-29', 1, '1432851916'),
('114.124.5.250', '2015-05-29', 6, '1432852876'),
('173.252.105.114', '2015-05-29', 1, '1432852770'),
('120.180.175.150', '2015-05-29', 36, '1432864082'),
('103.246.200.50', '2015-05-29', 1, '1432863615'),
('103.246.200.1', '2015-05-29', 1, '1432863650'),
('103.246.200.33', '2015-05-29', 1, '1432863711'),
('103.246.200.44', '2015-05-29', 1, '1432863795'),
('120.174.144.115', '2015-05-29', 1, '1432908445'),
('119.110.72.130', '2015-05-29', 27, '1432912022'),
('173.252.90.117', '2015-05-29', 1, '1432910852'),
('173.252.90.116', '2015-05-29', 1, '1432910873'),
('173.252.90.118', '2015-05-29', 1, '1432911344'),
('173.252.90.122', '2015-05-29', 1, '1432911470'),
('66.249.84.190', '2015-05-30', 1, '1432945579'),
('39.254.117.222', '2015-05-30', 1, '1432991226'),
('66.249.84.178', '2015-05-31', 1, '1433037242'),
('120.176.92.190', '2015-06-01', 3, '1433128955'),
('66.102.6.210', '2015-06-01', 1, '1433134430'),
('120.164.44.28', '2015-06-01', 13, '1433149419'),
('124.195.118.227', '2015-06-01', 1, '1433170960'),
('120.177.28.244', '2015-06-02', 8, '1433220043'),
('66.249.84.190', '2015-06-02', 1, '1433247837'),
('120.190.75.179', '2015-06-03', 7, '1433302768'),
('119.110.72.130', '2015-06-03', 4, '1433302761'),
('89.145.95.2', '2015-06-03', 1, '1433302690'),
('66.249.71.147', '2015-06-07', 46, '1433696370'),
('66.249.71.130', '2015-06-07', 30, '1433696150'),
('66.249.71.164', '2015-06-07', 37, '1433696154'),
('173.252.74.113', '2015-06-07', 8, '1433694061'),
('173.252.74.117', '2015-06-07', 3, '1433676319'),
('66.249.64.57', '2015-06-07', 1, '1433674283'),
('173.252.88.89', '2015-06-07', 5, '1433677999'),
('173.252.88.86', '2015-06-07', 2, '1433677597'),
('173.252.74.119', '2015-06-07', 7, '1433694862'),
('66.249.79.117', '2015-06-07', 1, '1433674983'),
('173.252.88.84', '2015-06-07', 2, '1433676738'),
('173.252.74.115', '2015-06-07', 3, '1433676460'),
('173.252.74.114', '2015-06-07', 2, '1433694204'),
('173.252.74.118', '2015-06-07', 3, '1433676180'),
('173.252.74.112', '2015-06-07', 5, '1433695314'),
('173.252.88.85', '2015-06-07', 2, '1433677804'),
('173.252.88.90', '2015-06-07', 1, '1433676251'),
('173.252.74.116', '2015-06-07', 5, '1433695249'),
('173.252.88.87', '2015-06-07', 2, '1433677488'),
('173.252.88.88', '2015-06-07', 1, '1433677370'),
('66.249.79.130', '2015-06-07', 1, '1433694848'),
('66.220.156.116', '2015-06-07', 2, '1433696197'),
('66.249.67.104', '2015-06-07', 1, '1433696147'),
('66.220.156.112', '2015-06-07', 2, '1433696173'),
('66.220.146.22', '2015-06-07', 1, '1433696162'),
('66.249.67.117', '2015-06-07', 1, '1433696288'),
('66.220.156.114', '2015-06-07', 1, '1433696309'),
('66.220.156.117', '2015-06-08', 3, '1433711204'),
('66.249.71.164', '2015-06-08', 32, '1433779112'),
('66.220.146.25', '2015-06-08', 2, '1433736854'),
('66.220.156.116', '2015-06-08', 2, '1433709422'),
('66.249.71.147', '2015-06-08', 29, '1433748751'),
('66.220.156.112', '2015-06-08', 4, '1433715007'),
('66.220.146.20', '2015-06-08', 1, '1433696744'),
('66.249.71.130', '2015-06-08', 38, '1433777391'),
('66.220.156.118', '2015-06-08', 2, '1433712628'),
('66.220.146.27', '2015-06-08', 1, '1433712556'),
('66.220.146.26', '2015-06-08', 1, '1433712746'),
('66.249.67.104', '2015-06-08', 4, '1433746797'),
('66.220.146.22', '2015-06-08', 1, '1433714244'),
('66.220.156.115', '2015-06-08', 2, '1433714821'),
('66.249.67.117', '2015-06-08', 2, '1433780504'),
('120.176.251.49', '2015-06-08', 2, '1433737104'),
('66.220.156.119', '2015-06-08', 1, '1433737457'),
('66.249.71.147', '2015-06-09', 3, '1433836081'),
('66.249.71.130', '2015-06-09', 4, '1433835126'),
('66.249.67.104', '2015-06-09', 1, '1433788622'),
('66.249.71.164', '2015-06-09', 1, '1433823064'),
('66.249.71.130', '2015-06-10', 5, '1433953790'),
('66.249.67.117', '2015-06-10', 1, '1433911605'),
('66.249.71.164', '2015-06-10', 3, '1433954890'),
('66.249.71.147', '2015-06-10', 2, '1433953573'),
('66.249.71.147', '2015-06-11', 1, '1433957808'),
('66.249.71.164', '2015-06-11', 2, '1433990805'),
('68.180.228.104', '2015-06-11', 1, '1433975257'),
('66.249.71.130', '2015-06-11', 1, '1433991891'),
('36.68.28.19', '2015-06-14', 5, '1434224041'),
('120.164.46.127', '2015-06-14', 2, '1434239557'),
('66.249.67.248', '2015-06-15', 1, '1434362861'),
('104.193.10.50', '2015-06-15', 3, '1434372762'),
('104.193.10.50', '2015-06-16', 2, '1434454308'),
('36.80.234.114', '2015-06-16', 4, '1434443273'),
('173.252.74.115', '2015-06-16', 1, '1434443264'),
('173.252.74.114', '2015-06-16', 1, '1434443279'),
('119.110.72.130', '2015-06-16', 1, '1434467216'),
('124.195.116.71', '2015-06-17', 3, '1434551738'),
('120.184.130.21', '2015-06-27', 1, '1435386862'),
('66.249.84.246', '2015-06-27', 1, '1435387150'),
('120.176.176.106', '2015-06-28', 7, '1435461088'),
('66.220.158.114', '2015-06-28', 1, '1435461007'),
('66.249.84.129', '2015-06-28', 1, '1435466083'),
('66.249.84.246', '2015-06-29', 2, '1435563211'),
('66.249.84.252', '2015-06-29', 1, '1435563206'),
('66.249.84.246', '2015-06-30', 3, '1435677685'),
('66.249.84.252', '2015-06-30', 1, '1435645799'),
('66.249.84.252', '2015-07-01', 1, '1435710707'),
('66.249.84.129', '2015-07-01', 1, '1435711780'),
('120.177.18.200', '2015-07-02', 1, '1435824891'),
('::1', '2015-11-25', 15, '1448407930'),
('::1', '2015-12-01', 12, '1448944568'),
('::1', '2015-12-03', 9, '1449138520'),
('::1', '2015-12-05', 26, '1449279360'),
('::1', '2015-12-07', 4, '1449442678'),
('::1', '2015-12-08', 8, '1449532582'),
('::1', '2015-12-13', 31, '1449974628'),
('::1', '2015-12-18', 9, '1450418535'),
('::1', '2015-12-21', 10, '1450654644'),
('::1', '2015-12-24', 3, '1450917714'),
('::1', '2015-12-25', 4, '1451037761'),
('::1', '2015-12-26', 5, '1451086546'),
('::1', '2016-01-01', 1, '1451626224'),
('::1', '2016-01-12', 2, '1452564572'),
('::1', '2016-01-16', 7, '1452913899'),
('::1', '2016-01-17', 150, '1453036730'),
('::1', '2016-07-24', 24, '1469318037'),
('::1', '2016-07-29', 1, '1469767572'),
('::1', '2016-07-31', 1, '1469936872'),
('::1', '2016-08-01', 14, '1470019073'),
('::1', '2016-08-12', 4, '1470940786'),
('::1', '2016-08-14', 3, '1471191885'),
('::1', '2016-08-22', 5, '1471851644'),
('::1', '2016-08-26', 4, '1472207940'),
('::1', '2016-08-29', 9, '1472475500'),
('::1', '2016-08-30', 1, '1472531831'),
('::1', '2016-09-13', 4, '1473760584'),
('::1', '2016-09-16', 7, '1473998550'),
('::1', '2016-09-17', 3, '1474076080'),
('::1', '2016-09-20', 4, '1474335445'),
('::1', '2016-09-21', 5, '1474470987'),
('::1', '2016-09-26', 8, '1474866854'),
('::1', '2016-11-21', 20, '1479719811'),
('::1', '2016-11-22', 26, '1479795839'),
('::1', '2016-12-24', 1, '1482592503'),
('::1', '2016-12-23', 2, '1482451494'),
('::1', '2016-12-20', 7, '1482205377'),
('::1', '2016-12-14', 4, '1481717872'),
('::1', '2016-12-13', 24, '1481593512'),
('::1', '2016-12-09', 1, '1481243159'),
('::1', '2016-12-03', 3, '1480741491'),
('::1', '2016-11-28', 32, '1480303392'),
('::1', '2016-11-27', 2, '1480224412'),
('::1', '2016-11-24', 403, '1479984680'),
('::1', '2016-11-23', 2, '1479913316'),
('::1', '2017-01-03', 9, '1483421812'),
('::1', '2017-01-04', 2, '1483534977'),
('::1', '2017-01-05', 3, '1483627230'),
('::1', '2017-01-14', 1, '1484352852'),
('::1', '2017-01-17', 3, '1484663823'),
('::1', '2017-01-25', 12, '1485359750'),
('::1', '2017-01-26', 37, '1485414680'),
('::1', '2017-01-27', 70, '1485508785'),
('::1', '2017-01-28', 1, '1485567010'),
('::1', '2017-02-04', 1, '1486213804'),
('::1', '2017-02-09', 14, '1486659480'),
('::1', '2017-02-10', 3, '1486684650'),
('::1', '2017-02-11', 11, '1486773431'),
('::1', '2017-02-12', 6, '1486869838'),
('::1', '2017-02-13', 5, '1486995163'),
('::1', '2017-02-15', 3, '1487123924'),
('::1', '2017-02-21', 1, '1487659967'),
('::1', '2017-02-23', 7, '1487832476'),
('::1', '2017-02-26', 4, '1488064851'),
('::1', '2017-03-13', 44, '1489366890'),
('::1', '2017-03-17', 24, '1489744337'),
('::1', '2017-03-20', 1, '1489988038'),
('::1', '2017-03-25', 1, '1490413626'),
('::1', '2017-03-29', 7, '1490744633'),
('::1', '2017-04-02', 1, '1491122695'),
('::1', '2017-04-06', 56, '1491462329'),
('::1', '2017-04-07', 59, '1491524075'),
('::1', '2017-04-09', 20, '1491711058'),
('::1', '2017-04-11', 9, '1491877995'),
('::1', '2017-04-12', 124, '1492006218'),
('::1', '2017-04-13', 53, '1492088580'),
('::1', '2017-05-14', 133, '1494767093'),
('::1', '2017-05-20', 167, '1495299592'),
('::1', '2017-05-21', 234, '1495359950'),
('::1', '2018-04-19', 1, '1524111568'),
('::1', '2018-04-21', 1, '1524249582'),
('::1', '2018-04-24', 19, '1524509093'),
('::1', '2018-05-04', 13, '1525441129'),
('::1', '2018-05-05', 36, '1525494921'),
('::1', '2018-05-06', 5, '1525614861'),
('::1', '2018-05-11', 15, '1525998298'),
('::1', '2018-05-18', 4, '1526611139'),
('::1', '2018-05-19', 6, '1526701697'),
('::1', '2018-05-20', 13, '1526833607'),
('::1', '2018-05-22', 13, '1526947912'),
('::1', '2018-05-23', 16, '1527056425'),
('::1', '2018-05-31', 1, '1527743948'),
('::1', '2018-06-01', 2, '1527815549'),
('::1', '2018-06-03', 191, '1528045141'),
('::1', '2018-06-04', 100, '1528127678'),
('::1', '2018-12-11', 315, '1544522200'),
('::1', '2018-12-21', 68, '1545398144'),
('::1', '2018-12-22', 81, '1545450822'),
('::1', '2018-12-23', 310, '1545529051'),
('::1', '2018-12-26', 70, '1545792411'),
('::1', '2018-12-28', 21, '1545959894'),
('::1', '2019-01-01', 40, '1546327662'),
('::1', '2019-01-11', 1, '1547192056'),
('::1', '2019-01-15', 1, '1547535461'),
('::1', '2019-02-03', 21, '1549151755'),
('::1', '2019-02-08', 2, '1549583794'),
('::1', '2019-02-14', 5, '1550143909'),
('::1', '2019-02-16', 139, '1550293098'),
('::1', '2019-02-17', 12, '1550360900'),
('::1', '2019-02-18', 9, '1550451537'),
('::1', '2019-02-19', 11, '1550552634'),
('::1', '2019-02-20', 115, '1550632680'),
('::1', '2019-02-20', 115, '1550632680'),
('::1', '2019-02-22', 83, '1550824388'),
('::1', '2019-02-23', 143, '1550910213'),
('::1', '2019-03-03', 2, '1551627040'),
('::1', '2019-03-05', 1, '1551794436'),
('::1', '2019-03-21', 127, '1553174723'),
('::1', '2019-03-22', 25, '1553221802'),
('::1', '2019-03-23', 255, '1553343322'),
('::1', '2019-03-24', 151, '1553429554'),
('::1', '2019-03-25', 292, '1553521395'),
('::1', '2019-03-26', 236, '1553603754'),
('::1', '2019-03-27', 135, '1553688661'),
('::1', '2019-07-03', 36, '1562116358'),
('::1', '2019-07-05', 1, '1562284598'),
('::1', '2019-07-14', 2, '1563088030'),
('::1', '2019-08-03', 2, '1564790513'),
('::1', '2019-08-10', 1, '1565406009'),
('::1', '2019-08-17', 20, '1566001489'),
('::1', '2019-08-31', 58, '1567260005'),
('::1', '2019-09-01', 181, '1567296028'),
('::1', '2023-01-29', 477, '1675011513'),
('::1', '2023-01-30', 341, '1675056280'),
('::1', '2023-01-31', 109, '1675173387'),
('::1', '2023-02-01', 215, '1675254296'),
('::1', '2023-02-03', 178, '1675443009'),
('::1', '2023-02-03', 178, '1675443009'),
('::1', '2023-02-04', 124, '1675492550'),
('::1', '2023-02-07', 2, '1675737276'),
('::1', '2023-02-09', 5, '1675915929');

-- --------------------------------------------------------

--
-- Table structure for table `tag`
--

CREATE TABLE `tag` (
  `id_tag` int(5) NOT NULL,
  `nama_tag` varchar(100) COLLATE latin1_general_ci NOT NULL,
  `username` varchar(50) COLLATE latin1_general_ci NOT NULL,
  `tag_seo` varchar(100) COLLATE latin1_general_ci NOT NULL,
  `count` int(5) NOT NULL
) ENGINE=MyISAM DEFAULT CHARSET=latin1 COLLATE=latin1_general_ci;

--
-- Dumping data for table `tag`
--

INSERT INTO `tag` (`id_tag`, `nama_tag`, `username`, `tag_seo`, `count`) VALUES
(22, 'Hiburan', '', 'hiburan', 19),
(28, 'Teknologi', '', 'teknologi', 12),
(27, 'Metropolitan', '', 'metropolitan', 32),
(26, 'Nasional', '', 'nasional', 42),
(25, 'Kesehatan', '', 'kesehatan', 16),
(24, 'Olahraga', '', 'olahraga', 11),
(34, 'Wisata', '', 'wisata', 4),
(36, 'Hukum', '', 'hukum', 16),
(37, 'Film', '', 'film', 25),
(40, 'Internasional', '', 'internasional', 28),
(41, 'Bola', '', 'bola', 21),
(43, 'Selebritis', '', 'selebritis', 9),
(49, 'Palestina', 'admin', 'palestina', 6),
(50, 'Israel', 'admin', 'israel', 3),
(51, 'Yahudi', 'admin', 'yahudi', 4);

-- --------------------------------------------------------

--
-- Table structure for table `tagvid`
--

CREATE TABLE `tagvid` (
  `id_tag` int(5) NOT NULL,
  `nama_tag` varchar(100) COLLATE latin1_general_ci NOT NULL,
  `username` varchar(50) COLLATE latin1_general_ci NOT NULL,
  `tag_seo` varchar(100) COLLATE latin1_general_ci NOT NULL,
  `count` int(5) NOT NULL
) ENGINE=MyISAM DEFAULT CHARSET=latin1 COLLATE=latin1_general_ci;

--
-- Dumping data for table `tagvid`
--

INSERT INTO `tagvid` (`id_tag`, `nama_tag`, `username`, `tag_seo`, `count`) VALUES
(34, 'perang', 'admin', 'perang', 2),
(35, 'Teknologi', 'admin', 'teknologi', 0),
(36, 'Nasional', 'admin', 'nasional', 1);

-- --------------------------------------------------------

--
-- Table structure for table `tbl_comment`
--

CREATE TABLE `tbl_comment` (
  `id_komentar` int(5) NOT NULL,
  `reply` int(5) NOT NULL,
  `nama_lengkap` varchar(150) NOT NULL,
  `alamat_email` varchar(150) NOT NULL,
  `isi_pesan` text NOT NULL,
  `tanggal_komentar` date NOT NULL,
  `jam_komentar` time NOT NULL
) ENGINE=MyISAM DEFAULT CHARSET=latin1;

--
-- Dumping data for table `tbl_comment`
--

INSERT INTO `tbl_comment` (`id_komentar`, `reply`, `nama_lengkap`, `alamat_email`, `isi_pesan`, `tanggal_komentar`, `jam_komentar`) VALUES
(1, 0, 'Robby Prihandaya', 'robby.prihandaya@gmail.com', 'Perubahan UUD 1945 yang membawa perubahan mendasar mengenai penyelengaraan kekuasaan kehakiman, membuat perlunya dilakukan perubahan secara komprehensif mengenai Undang-Undang Ketentuan-ketentuan Pokok Kekuasaan Kehakiman.								', '2014-11-19', '00:00:00'),
(2, 1, 'si anu', 'anu@gmail.com', 'Video bocah melakukan hubungan intim layaknya suami istri membuat geger. Guna mencegah hal-hal yang tidak diinginkan, polisi pun sudah melakukan penelusuran siapa orang di balik pembuatan video cabul tersebut.', '2014-11-19', '00:00:00'),
(3, 0, 'Rio Saputra', 'rio.saputra@gmail.com', 'Video bocah melakukan hubungan intim layaknya suami istri membuat geger. Guna mencegah hal-hal yang tidak diinginkan, polisi pun sudah melakukan penelusuran siapa orang di balik pembuatan video cabul tersebut. Perubahan UUD 1945 yang membawa perubahan mendasar mengenai penyelengaraan kekuasaan kehakiman.								', '2014-11-21', '00:00:00'),
(4, 1, 'Anggun Pratiwi', 'angun@gmail.com', 'itu benar bro, kalau ndak pacayo tanyo lah ka baruak.Video bocah melakukan hubungan intim layaknya suami istri membuat geger. Guna mencegah hal-hal yang tidak diinginkan, polisi pun sudah melakukan penelusuran siapa orang di balik pembuatan video cabul tersebut.', '2014-11-21', '00:00:00'),
(5, 3, 'Dewi Safitri', 'dewi.safitri@gmail.com', 'Oii, ang kareh bana mah, den ambuang ang ka lauik beko,.. Video bocah melakukan hubungan intim layaknya suami istri membuat geger. Guna mencegah hal-hal yang tidak diinginkan, polisi pun sudah melakukan penelusuran siapa orang di balik pembuatan video cabul tersebut.', '2014-11-21', '00:00:00'),
(6, 0, 'Ahmad Hunaldi', 'ahmad@gmail.com', 'badan-badan peradilan penyelenggara kekuasaan kehakiman, asas-asas penyelengaraan kekuasaan kehakiman Video bocah melakukan hubungan intim layaknya suami istri membuat geger. Guna mencegah hal-hal yang tidak diinginkan, polisi pun sudah melakukan penelusuran siapa orang di balik pembuatan video cabul tersebut.								', '2014-11-21', '00:00:00'),
(7, 6, 'Prasmana Enru', 'prasmana@gmail.com', 'Undang-Undang Ketentuan-ketentuan Pokok Kekuasaan	Video bocah melakukan hubungan intim layaknya suami istri membuat geger. Guna mencegah hal-hal yang tidak diinginkan, polisi pun sudah melakukan penelusuran siapa orang di balik pembuatan video cabul tersebut.', '2014-11-21', '00:00:00'),
(9, 3, 'Robby Prihandaya', 'robby.prihandaya@gmail.com', 'Untuk itulah penulis memberikan solusi menggunakan program Dreamweaver,.. Video bocah melakukan hubungan intim layaknya suami istri membuat geger. Guna mencegah hal-hal yang tidak diinginkan, polisi pun sudah melakukan penelusuran siapa orang di balik pembuatan video cabul tersebut.', '2015-01-22', '00:00:00'),
(14, 0, 'Udin Sedunia', 'udin.sedubia@gmail.com', 'Perlahan tapi pasti, sosok TM yang merupakan artis dan berprofesi sebagai Pekerja Seks Komersial (PSK) akhirnya mulai terungkap Video bocah melakukan hubungan intim layaknya suami istri membuat geger. Guna mencegah hal-hal yang tidak diinginkan, polisi pun sudah melakukan penelusuran siapa orang di balik pembuatan video cabul tersebut.', '2015-05-29', '00:54:31'),
(15, 6, 'Robby Prihandaya', 'robby.prihandaya@gmail.com', 'Perlahan tapi pasti, sosok TM yang merupakan artis dan berprofesi sebagai Pekerja Seks Komersial (PSK) akhirnya mulai terungkap Video bocah melakukan hubungan intim layaknya suami istri membuat geger. Guna mencegah hal-hal yang tidak diinginkan, polisi pun sudah melakukan penelusuran siapa orang di balik pembuatan video cabul tersebut.', '2015-05-29', '00:59:50'),
(23, 20, 'Robby Prihandaya', 'robby.prihandaya@gmail.com', 'I spent almost a day searching for this. And found &#039;CSS3 Thumbnail Slider&#039; on this site. Thanks a lot. If the slideIndex is higher than the number of elements (x.length), the slideIndex is set to zero.', '2017-01-24', '16:31:47'),
(24, 14, 'Robby Prihandaya', 'robby.prihandaya@gmail.com', 'Guna mencegah hal-hal yang tidak diinginkan, polisi pun sudah melakukan penelusuran siapa orang di balik pembuatan video cabul tersebut', '2017-04-09', '11:07:23');

-- --------------------------------------------------------

--
-- Table structure for table `templates`
--

CREATE TABLE `templates` (
  `id_templates` int(5) NOT NULL,
  `judul` varchar(100) COLLATE latin1_general_ci NOT NULL,
  `username` varchar(50) COLLATE latin1_general_ci NOT NULL,
  `pembuat` varchar(50) COLLATE latin1_general_ci NOT NULL,
  `folder` varchar(50) COLLATE latin1_general_ci NOT NULL,
  `aktif` enum('Y','N') COLLATE latin1_general_ci NOT NULL DEFAULT 'N'
) ENGINE=MyISAM DEFAULT CHARSET=latin1 COLLATE=latin1_general_ci;

--
-- Dumping data for table `templates`
--

INSERT INTO `templates` (`id_templates`, `judul`, `username`, `pembuat`, `folder`, `aktif`) VALUES
(22, 'PHPMU-Tigo - Swarakalibata Template', 'admin', 'Robby Prihandaya', 'phpmu-tigo', 'Y');

-- --------------------------------------------------------

--
-- Table structure for table `testimoni`
--

CREATE TABLE `testimoni` (
  `id_testimoni` int(11) NOT NULL,
  `id_konsumen` int(11) NOT NULL,
  `isi_testimoni` text NOT NULL,
  `aktif` enum('Y','N') NOT NULL,
  `waktu_testimoni` datetime NOT NULL
) ENGINE=MyISAM DEFAULT CHARSET=latin1;

--
-- Dumping data for table `testimoni`
--

INSERT INTO `testimoni` (`id_testimoni`, `id_konsumen`, `isi_testimoni`, `aktif`, `waktu_testimoni`) VALUES
(1, 1, 'Saya berusaha mencoba memaklumi mereka tentang kesan menjadi entrepreneur instan ini dengan menjadi seorang MLM-ers, dengan menanyakan penyebab bisa memunculkan kesan instan tersebut. Mereka memberikan jawaban beragam berkaitan dengan proses instan seorang entrepreneur ini. ', 'Y', '2016-09-11 03:25:21'),
(2, 3, '<p>Menjadi seorang sukses dengan cara instan memang impian banyak orang dan saya yakin anda pun akan menyetujuinya. Namun, kembali lagi kepada diri anda sendiri apakah anda benar-benar memahami makna menjadi seorang entrepreneur sesungguhnya atau hanya memaknai seperti halnya membuat mie instan.</p>\n', 'Y', '2016-09-12 07:09:16'),
(5, 6, 'Saya berusaha mencoba memaklumi mereka tentang kesan menjadi entrepreneur instan ini dengan menjadi seorang MLM-ers, dengan menanyakan penyebab bisa memunculkan kesan instan tersebut. Mereka memberikan jawaban beragam berkaitan dengan proses instan seorang entrepreneur ini.', 'Y', '2016-09-14 14:11:36');

-- --------------------------------------------------------

--
-- Table structure for table `users`
--

CREATE TABLE `users` (
  `username` varchar(50) CHARACTER SET latin1 COLLATE latin1_general_ci NOT NULL,
  `password` varchar(255) CHARACTER SET latin1 COLLATE latin1_general_ci NOT NULL,
  `nama_lengkap` varchar(100) CHARACTER SET latin1 COLLATE latin1_general_ci NOT NULL,
  `email` varchar(100) CHARACTER SET latin1 COLLATE latin1_general_ci NOT NULL,
  `no_telp` varchar(20) CHARACTER SET latin1 COLLATE latin1_general_ci NOT NULL,
  `foto` varchar(100) CHARACTER SET latin1 COLLATE latin1_general_ci NOT NULL,
  `level` varchar(20) CHARACTER SET latin1 COLLATE latin1_general_ci NOT NULL DEFAULT 'user',
  `blokir` enum('Y','N') CHARACTER SET latin1 COLLATE latin1_general_ci NOT NULL DEFAULT 'N',
  `id_session` varchar(255) NOT NULL
) ENGINE=MyISAM DEFAULT CHARSET=latin1;

--
-- Dumping data for table `users`
--

INSERT INTO `users` (`username`, `password`, `nama_lengkap`, `email`, `no_telp`, `foto`, `level`, `blokir`, `id_session`) VALUES
('admin', 'bff0cc42103de1b4721370e84dc24f635a7afeca41198c9b3e03946a1b6b7191d14356408a5e57ce6daf77e6e800c66fac7ab0482d57d48d23e6808e4b562daa', 'Budi Santoso', 'i3udi4tu@gmail.com', '081267771344', '20220801_1506212.jpg', 'admin', 'N', 'q173s8hs1jl04st35169ccl8o7'),
('dewi', '82712d6185313c5cab37780e6aa1bb571b2283efa92fd7153a28bbb3e34b0489dcc5a943ae7f61c5380184fea2ee750c40718a1601d9e7748427a767bdc3f64b', 'Dewiiit Safitri', 'dewi.safitri@gmail.com', '081267778899', '', 'free', 'N', 'ed1d859c50262701d92e5cbf39652792-20170120090507'),
('arsen', 'dac396a174a4a2aa2526bf23c05f0adbe6139f53047c273fd65e1fb813a05ce42a82d8e9b997972937a87238702dab4e981b184083d5d83b6542f79f29f8bde0', 'Muhammad Arsenio', 'muhammad.arsenio@gmail.com', '081267773333', '', 'prenium', 'N', 'f76ad5ee772ac196cbc09824e24859ee'),
('contoh', '0198bb4714d781b29181b22c5c48dca4bb992d34e1d6969cad140e4e770ff806ed189cdc6f30c382529549462ef0d07fb868ead45684d8044f41ca4f92700201', 'contoh', 'atuaja88@gmail.com', '87867867868', '', 'free', 'N', '4553eb3ff328b4868a7a1e6e53cd28b4-20230204125635');

-- --------------------------------------------------------

--
-- Table structure for table `users_modul`
--

CREATE TABLE `users_modul` (
  `id_umod` int(11) NOT NULL,
  `id_session` varchar(255) NOT NULL,
  `id_modul` int(11) NOT NULL
) ENGINE=MyISAM DEFAULT CHARSET=latin1;

--
-- Dumping data for table `users_modul`
--

INSERT INTO `users_modul` (`id_umod`, `id_session`, `id_modul`) VALUES
(1, 'ed1d859c50262701d92e5cbf39652792-20170120090507', 70),
(2, 'ed1d859c50262701d92e5cbf39652792-20170120090507', 65),
(3, 'ed1d859c50262701d92e5cbf39652792-20170120090507', 63),
(4, 'f76ad5ee772ac196cbc09824e24859ee', 70),
(5, 'f76ad5ee772ac196cbc09824e24859ee', 65),
(6, 'f76ad5ee772ac196cbc09824e24859ee', 63),
(7, 'ed1d859c50262701d92e5cbf39652792-20170120090507', 18),
(8, 'ed1d859c50262701d92e5cbf39652792-20170120090507', 66),
(9, 'ed1d859c50262701d92e5cbf39652792-20170120090507', 33),
(10, '3460d81e02faa3559f9e02c9a766fcbd-20170124215625', 18),
(11, 'ed1d859c50262701d92e5cbf39652792-20170120090507', 41),
(12, '6bec9c852847242e384a4d5ac0962ba0-20170406140423', 18),
(13, 'fa7688658d8b38aae731826ea1daebb5-20170521103501', 18),
(14, 'cfcd208495d565ef66e7dff9f98764da-20180421112213', 18),
(17, '4553eb3ff328b4868a7a1e6e53cd28b4-20230204125635', 78);

-- --------------------------------------------------------

--
-- Table structure for table `video`
--

CREATE TABLE `video` (
  `id_video` int(5) NOT NULL,
  `id_playlist` int(5) NOT NULL,
  `username` varchar(30) COLLATE latin1_general_ci NOT NULL,
  `jdl_video` varchar(100) COLLATE latin1_general_ci NOT NULL,
  `video_seo` varchar(100) COLLATE latin1_general_ci NOT NULL,
  `keterangan` text COLLATE latin1_general_ci NOT NULL,
  `gbr_video` varchar(100) COLLATE latin1_general_ci NOT NULL,
  `video` varchar(100) COLLATE latin1_general_ci NOT NULL,
  `youtube` varchar(100) COLLATE latin1_general_ci NOT NULL,
  `dilihat` int(7) NOT NULL DEFAULT 1,
  `hari` varchar(20) COLLATE latin1_general_ci NOT NULL,
  `tanggal` date NOT NULL,
  `jam` time NOT NULL,
  `tagvid` varchar(100) COLLATE latin1_general_ci NOT NULL
) ENGINE=MyISAM DEFAULT CHARSET=latin1 COLLATE=latin1_general_ci;

--
-- Indexes for dumped tables
--

--
-- Indexes for table `agenda`
--
ALTER TABLE `agenda`
  ADD PRIMARY KEY (`id_agenda`);

--
-- Indexes for table `album`
--
ALTER TABLE `album`
  ADD PRIMARY KEY (`id_album`);

--
-- Indexes for table `background`
--
ALTER TABLE `background`
  ADD PRIMARY KEY (`id_background`);

--
-- Indexes for table `banner`
--
ALTER TABLE `banner`
  ADD PRIMARY KEY (`id_banner`);

--
-- Indexes for table `berita`
--
ALTER TABLE `berita`
  ADD PRIMARY KEY (`id_berita`);

--
-- Indexes for table `download`
--
ALTER TABLE `download`
  ADD PRIMARY KEY (`id_download`);

--
-- Indexes for table `gallery`
--
ALTER TABLE `gallery`
  ADD PRIMARY KEY (`id_gallery`);

--
-- Indexes for table `halamanstatis`
--
ALTER TABLE `halamanstatis`
  ADD PRIMARY KEY (`id_halaman`);

--
-- Indexes for table `header`
--
ALTER TABLE `header`
  ADD PRIMARY KEY (`id_header`);

--
-- Indexes for table `hubungi`
--
ALTER TABLE `hubungi`
  ADD PRIMARY KEY (`id_hubungi`);

--
-- Indexes for table `identitas`
--
ALTER TABLE `identitas`
  ADD PRIMARY KEY (`id_identitas`);

--
-- Indexes for table `iklanatas`
--
ALTER TABLE `iklanatas`
  ADD PRIMARY KEY (`id_iklanatas`);

--
-- Indexes for table `iklantengah`
--
ALTER TABLE `iklantengah`
  ADD PRIMARY KEY (`id_iklantengah`);

--
-- Indexes for table `katajelek`
--
ALTER TABLE `katajelek`
  ADD PRIMARY KEY (`id_jelek`);

--
-- Indexes for table `kategori`
--
ALTER TABLE `kategori`
  ADD PRIMARY KEY (`id_kategori`);

--
-- Indexes for table `komentar`
--
ALTER TABLE `komentar`
  ADD PRIMARY KEY (`id_komentar`);

--
-- Indexes for table `komentarvid`
--
ALTER TABLE `komentarvid`
  ADD PRIMARY KEY (`id_komentar`);

--
-- Indexes for table `logo`
--
ALTER TABLE `logo`
  ADD PRIMARY KEY (`id_logo`);

--
-- Indexes for table `menu`
--
ALTER TABLE `menu`
  ADD PRIMARY KEY (`id_menu`);

--
-- Indexes for table `modul`
--
ALTER TABLE `modul`
  ADD PRIMARY KEY (`id_modul`);

--
-- Indexes for table `mod_alamat`
--
ALTER TABLE `mod_alamat`
  ADD PRIMARY KEY (`id_alamat`);

--
-- Indexes for table `mod_ym`
--
ALTER TABLE `mod_ym`
  ADD PRIMARY KEY (`id`);

--
-- Indexes for table `pasangiklan`
--
ALTER TABLE `pasangiklan`
  ADD PRIMARY KEY (`id_pasangiklan`);

--
-- Indexes for table `playlist`
--
ALTER TABLE `playlist`
  ADD PRIMARY KEY (`id_playlist`);

--
-- Indexes for table `poling`
--
ALTER TABLE `poling`
  ADD PRIMARY KEY (`id_poling`);

--
-- Indexes for table `rb_bonus`
--
ALTER TABLE `rb_bonus`
  ADD PRIMARY KEY (`id_bonus`);

--
-- Indexes for table `rb_kategori_produk`
--
ALTER TABLE `rb_kategori_produk`
  ADD PRIMARY KEY (`id_kategori_produk`);

--
-- Indexes for table `rb_kategori_produk_sub`
--
ALTER TABLE `rb_kategori_produk_sub`
  ADD PRIMARY KEY (`id_kategori_produk_sub`);

--
-- Indexes for table `rb_keterangan`
--
ALTER TABLE `rb_keterangan`
  ADD PRIMARY KEY (`id_keterangan`);

--
-- Indexes for table `rb_konfirmasi_pembayaran`
--
ALTER TABLE `rb_konfirmasi_pembayaran`
  ADD PRIMARY KEY (`id_konfirmasi_pembayaran`);

--
-- Indexes for table `rb_konfirmasi_pembayaran_konsumen`
--
ALTER TABLE `rb_konfirmasi_pembayaran_konsumen`
  ADD PRIMARY KEY (`id_konfirmasi_pembayaran`);

--
-- Indexes for table `rb_konsumen`
--
ALTER TABLE `rb_konsumen`
  ADD PRIMARY KEY (`id_konsumen`);

--
-- Indexes for table `rb_pembayaran_bonus`
--
ALTER TABLE `rb_pembayaran_bonus`
  ADD PRIMARY KEY (`id_pembayaran_bonus`);

--
-- Indexes for table `rb_pembelian`
--
ALTER TABLE `rb_pembelian`
  ADD PRIMARY KEY (`id_pembelian`);

--
-- Indexes for table `rb_pembelian_detail`
--
ALTER TABLE `rb_pembelian_detail`
  ADD PRIMARY KEY (`id_pembelian_detail`);

--
-- Indexes for table `rb_pencairan_bonus`
--
ALTER TABLE `rb_pencairan_bonus`
  ADD PRIMARY KEY (`id_pencairan_bonus`);

--
-- Indexes for table `rb_pencairan_reward`
--
ALTER TABLE `rb_pencairan_reward`
  ADD PRIMARY KEY (`id_pencairan_reward`);

--
-- Indexes for table `rb_penjualan`
--
ALTER TABLE `rb_penjualan`
  ADD PRIMARY KEY (`id_penjualan`);

--
-- Indexes for table `rb_penjualan_detail`
--
ALTER TABLE `rb_penjualan_detail`
  ADD PRIMARY KEY (`id_penjualan_detail`);

--
-- Indexes for table `rb_penjualan_temp`
--
ALTER TABLE `rb_penjualan_temp`
  ADD PRIMARY KEY (`id_penjualan_detail`);

--
-- Indexes for table `rb_produk`
--
ALTER TABLE `rb_produk`
  ADD PRIMARY KEY (`id_produk`);

--
-- Indexes for table `rb_produk_diskon`
--
ALTER TABLE `rb_produk_diskon`
  ADD PRIMARY KEY (`id_produk_diskon`);

--
-- Indexes for table `rb_rekening`
--
ALTER TABLE `rb_rekening`
  ADD PRIMARY KEY (`id_rekening`);

--
-- Indexes for table `rb_rekening_reseller`
--
ALTER TABLE `rb_rekening_reseller`
  ADD PRIMARY KEY (`id_rekening_reseller`);

--
-- Indexes for table `rb_reseller`
--
ALTER TABLE `rb_reseller`
  ADD PRIMARY KEY (`id_reseller`);

--
-- Indexes for table `rb_reward`
--
ALTER TABLE `rb_reward`
  ADD PRIMARY KEY (`id_reward`);

--
-- Indexes for table `rb_setting`
--
ALTER TABLE `rb_setting`
  ADD PRIMARY KEY (`id_setting`);

--
-- Indexes for table `rb_supplier`
--
ALTER TABLE `rb_supplier`
  ADD PRIMARY KEY (`id_supplier`);

--
-- Indexes for table `sekilasinfo`
--
ALTER TABLE `sekilasinfo`
  ADD PRIMARY KEY (`id_sekilas`);

--
-- Indexes for table `tag`
--
ALTER TABLE `tag`
  ADD PRIMARY KEY (`id_tag`);

--
-- Indexes for table `tagvid`
--
ALTER TABLE `tagvid`
  ADD PRIMARY KEY (`id_tag`);

--
-- Indexes for table `tbl_comment`
--
ALTER TABLE `tbl_comment`
  ADD PRIMARY KEY (`id_komentar`);

--
-- Indexes for table `templates`
--
ALTER TABLE `templates`
  ADD PRIMARY KEY (`id_templates`);

--
-- Indexes for table `testimoni`
--
ALTER TABLE `testimoni`
  ADD PRIMARY KEY (`id_testimoni`);

--
-- Indexes for table `users`
--
ALTER TABLE `users`
  ADD PRIMARY KEY (`username`);

--
-- Indexes for table `users_modul`
--
ALTER TABLE `users_modul`
  ADD PRIMARY KEY (`id_umod`);

--
-- Indexes for table `video`
--
ALTER TABLE `video`
  ADD PRIMARY KEY (`id_video`);

--
-- AUTO_INCREMENT for dumped tables
--

--
-- AUTO_INCREMENT for table `agenda`
--
ALTER TABLE `agenda`
  MODIFY `id_agenda` int(5) NOT NULL AUTO_INCREMENT;

--
-- AUTO_INCREMENT for table `album`
--
ALTER TABLE `album`
  MODIFY `id_album` int(5) NOT NULL AUTO_INCREMENT;

--
-- AUTO_INCREMENT for table `background`
--
ALTER TABLE `background`
  MODIFY `id_background` int(5) NOT NULL AUTO_INCREMENT, AUTO_INCREMENT=2;

--
-- AUTO_INCREMENT for table `banner`
--
ALTER TABLE `banner`
  MODIFY `id_banner` int(5) NOT NULL AUTO_INCREMENT, AUTO_INCREMENT=24;

--
-- AUTO_INCREMENT for table `berita`
--
ALTER TABLE `berita`
  MODIFY `id_berita` int(5) NOT NULL AUTO_INCREMENT;

--
-- AUTO_INCREMENT for table `download`
--
ALTER TABLE `download`
  MODIFY `id_download` int(5) NOT NULL AUTO_INCREMENT, AUTO_INCREMENT=2;

--
-- AUTO_INCREMENT for table `gallery`
--
ALTER TABLE `gallery`
  MODIFY `id_gallery` int(5) NOT NULL AUTO_INCREMENT;

--
-- AUTO_INCREMENT for table `halamanstatis`
--
ALTER TABLE `halamanstatis`
  MODIFY `id_halaman` int(5) NOT NULL AUTO_INCREMENT, AUTO_INCREMENT=52;

--
-- AUTO_INCREMENT for table `header`
--
ALTER TABLE `header`
  MODIFY `id_header` int(5) NOT NULL AUTO_INCREMENT, AUTO_INCREMENT=34;

--
-- AUTO_INCREMENT for table `hubungi`
--
ALTER TABLE `hubungi`
  MODIFY `id_hubungi` int(5) NOT NULL AUTO_INCREMENT, AUTO_INCREMENT=42;

--
-- AUTO_INCREMENT for table `identitas`
--
ALTER TABLE `identitas`
  MODIFY `id_identitas` int(5) NOT NULL AUTO_INCREMENT, AUTO_INCREMENT=2;

--
-- AUTO_INCREMENT for table `iklanatas`
--
ALTER TABLE `iklanatas`
  MODIFY `id_iklanatas` int(5) NOT NULL AUTO_INCREMENT, AUTO_INCREMENT=45;

--
-- AUTO_INCREMENT for table `iklantengah`
--
ALTER TABLE `iklantengah`
  MODIFY `id_iklantengah` int(5) NOT NULL AUTO_INCREMENT, AUTO_INCREMENT=34;

--
-- AUTO_INCREMENT for table `katajelek`
--
ALTER TABLE `katajelek`
  MODIFY `id_jelek` int(11) NOT NULL AUTO_INCREMENT, AUTO_INCREMENT=9;

--
-- AUTO_INCREMENT for table `kategori`
--
ALTER TABLE `kategori`
  MODIFY `id_kategori` int(5) NOT NULL AUTO_INCREMENT, AUTO_INCREMENT=61;

--
-- AUTO_INCREMENT for table `komentar`
--
ALTER TABLE `komentar`
  MODIFY `id_komentar` int(5) NOT NULL AUTO_INCREMENT, AUTO_INCREMENT=165;

--
-- AUTO_INCREMENT for table `komentarvid`
--
ALTER TABLE `komentarvid`
  MODIFY `id_komentar` int(5) NOT NULL AUTO_INCREMENT, AUTO_INCREMENT=117;

--
-- AUTO_INCREMENT for table `logo`
--
ALTER TABLE `logo`
  MODIFY `id_logo` int(5) NOT NULL AUTO_INCREMENT, AUTO_INCREMENT=18;

--
-- AUTO_INCREMENT for table `menu`
--
ALTER TABLE `menu`
  MODIFY `id_menu` int(5) NOT NULL AUTO_INCREMENT, AUTO_INCREMENT=156;

--
-- AUTO_INCREMENT for table `modul`
--
ALTER TABLE `modul`
  MODIFY `id_modul` int(5) NOT NULL AUTO_INCREMENT, AUTO_INCREMENT=79;

--
-- AUTO_INCREMENT for table `mod_alamat`
--
ALTER TABLE `mod_alamat`
  MODIFY `id_alamat` int(5) NOT NULL AUTO_INCREMENT, AUTO_INCREMENT=2;

--
-- AUTO_INCREMENT for table `mod_ym`
--
ALTER TABLE `mod_ym`
  MODIFY `id` int(11) NOT NULL AUTO_INCREMENT;

--
-- AUTO_INCREMENT for table `pasangiklan`
--
ALTER TABLE `pasangiklan`
  MODIFY `id_pasangiklan` int(5) NOT NULL AUTO_INCREMENT, AUTO_INCREMENT=34;

--
-- AUTO_INCREMENT for table `playlist`
--
ALTER TABLE `playlist`
  MODIFY `id_playlist` int(5) NOT NULL AUTO_INCREMENT, AUTO_INCREMENT=62;

--
-- AUTO_INCREMENT for table `poling`
--
ALTER TABLE `poling`
  MODIFY `id_poling` int(5) NOT NULL AUTO_INCREMENT, AUTO_INCREMENT=38;

--
-- AUTO_INCREMENT for table `rb_bonus`
--
ALTER TABLE `rb_bonus`
  MODIFY `id_bonus` int(11) NOT NULL AUTO_INCREMENT;

--
-- AUTO_INCREMENT for table `rb_kategori_produk`
--
ALTER TABLE `rb_kategori_produk`
  MODIFY `id_kategori_produk` int(11) NOT NULL AUTO_INCREMENT, AUTO_INCREMENT=6;

--
-- AUTO_INCREMENT for table `rb_kategori_produk_sub`
--
ALTER TABLE `rb_kategori_produk_sub`
  MODIFY `id_kategori_produk_sub` int(11) NOT NULL AUTO_INCREMENT, AUTO_INCREMENT=13;

--
-- AUTO_INCREMENT for table `rb_keterangan`
--
ALTER TABLE `rb_keterangan`
  MODIFY `id_keterangan` int(5) NOT NULL AUTO_INCREMENT, AUTO_INCREMENT=5;

--
-- AUTO_INCREMENT for table `rb_konfirmasi_pembayaran`
--
ALTER TABLE `rb_konfirmasi_pembayaran`
  MODIFY `id_konfirmasi_pembayaran` int(11) NOT NULL AUTO_INCREMENT;

--
-- AUTO_INCREMENT for table `rb_konfirmasi_pembayaran_konsumen`
--
ALTER TABLE `rb_konfirmasi_pembayaran_konsumen`
  MODIFY `id_konfirmasi_pembayaran` int(11) NOT NULL AUTO_INCREMENT;

--
-- AUTO_INCREMENT for table `rb_konsumen`
--
ALTER TABLE `rb_konsumen`
  MODIFY `id_konsumen` int(11) NOT NULL AUTO_INCREMENT, AUTO_INCREMENT=2;

--
-- AUTO_INCREMENT for table `rb_pembayaran_bonus`
--
ALTER TABLE `rb_pembayaran_bonus`
  MODIFY `id_pembayaran_bonus` int(10) NOT NULL AUTO_INCREMENT, AUTO_INCREMENT=3;

--
-- AUTO_INCREMENT for table `rb_pembelian`
--
ALTER TABLE `rb_pembelian`
  MODIFY `id_pembelian` int(11) NOT NULL AUTO_INCREMENT;

--
-- AUTO_INCREMENT for table `rb_pembelian_detail`
--
ALTER TABLE `rb_pembelian_detail`
  MODIFY `id_pembelian_detail` int(11) NOT NULL AUTO_INCREMENT;

--
-- AUTO_INCREMENT for table `rb_pencairan_bonus`
--
ALTER TABLE `rb_pencairan_bonus`
  MODIFY `id_pencairan_bonus` int(11) NOT NULL AUTO_INCREMENT, AUTO_INCREMENT=5;

--
-- AUTO_INCREMENT for table `rb_pencairan_reward`
--
ALTER TABLE `rb_pencairan_reward`
  MODIFY `id_pencairan_reward` int(11) NOT NULL AUTO_INCREMENT, AUTO_INCREMENT=6;

--
-- AUTO_INCREMENT for table `rb_penjualan`
--
ALTER TABLE `rb_penjualan`
  MODIFY `id_penjualan` int(11) NOT NULL AUTO_INCREMENT;

--
-- AUTO_INCREMENT for table `rb_penjualan_detail`
--
ALTER TABLE `rb_penjualan_detail`
  MODIFY `id_penjualan_detail` int(11) NOT NULL AUTO_INCREMENT;

--
-- AUTO_INCREMENT for table `rb_penjualan_temp`
--
ALTER TABLE `rb_penjualan_temp`
  MODIFY `id_penjualan_detail` int(11) NOT NULL AUTO_INCREMENT;

--
-- AUTO_INCREMENT for table `rb_produk`
--
ALTER TABLE `rb_produk`
  MODIFY `id_produk` int(11) NOT NULL AUTO_INCREMENT, AUTO_INCREMENT=2;

--
-- AUTO_INCREMENT for table `rb_produk_diskon`
--
ALTER TABLE `rb_produk_diskon`
  MODIFY `id_produk_diskon` int(11) NOT NULL AUTO_INCREMENT, AUTO_INCREMENT=2;

--
-- AUTO_INCREMENT for table `rb_rekening`
--
ALTER TABLE `rb_rekening`
  MODIFY `id_rekening` int(5) NOT NULL AUTO_INCREMENT, AUTO_INCREMENT=3;

--
-- AUTO_INCREMENT for table `rb_rekening_reseller`
--
ALTER TABLE `rb_rekening_reseller`
  MODIFY `id_rekening_reseller` int(11) NOT NULL AUTO_INCREMENT, AUTO_INCREMENT=11;

--
-- AUTO_INCREMENT for table `rb_reseller`
--
ALTER TABLE `rb_reseller`
  MODIFY `id_reseller` int(11) NOT NULL AUTO_INCREMENT;

--
-- AUTO_INCREMENT for table `rb_reward`
--
ALTER TABLE `rb_reward`
  MODIFY `id_reward` int(5) NOT NULL AUTO_INCREMENT, AUTO_INCREMENT=8;

--
-- AUTO_INCREMENT for table `rb_setting`
--
ALTER TABLE `rb_setting`
  MODIFY `id_setting` int(11) NOT NULL AUTO_INCREMENT, AUTO_INCREMENT=2;

--
-- AUTO_INCREMENT for table `rb_supplier`
--
ALTER TABLE `rb_supplier`
  MODIFY `id_supplier` int(11) NOT NULL AUTO_INCREMENT, AUTO_INCREMENT=6;

--
-- AUTO_INCREMENT for table `sekilasinfo`
--
ALTER TABLE `sekilasinfo`
  MODIFY `id_sekilas` int(5) NOT NULL AUTO_INCREMENT, AUTO_INCREMENT=12;

--
-- AUTO_INCREMENT for table `tag`
--
ALTER TABLE `tag`
  MODIFY `id_tag` int(5) NOT NULL AUTO_INCREMENT, AUTO_INCREMENT=55;

--
-- AUTO_INCREMENT for table `tagvid`
--
ALTER TABLE `tagvid`
  MODIFY `id_tag` int(5) NOT NULL AUTO_INCREMENT, AUTO_INCREMENT=39;

--
-- AUTO_INCREMENT for table `tbl_comment`
--
ALTER TABLE `tbl_comment`
  MODIFY `id_komentar` int(5) NOT NULL AUTO_INCREMENT, AUTO_INCREMENT=32;

--
-- AUTO_INCREMENT for table `templates`
--
ALTER TABLE `templates`
  MODIFY `id_templates` int(5) NOT NULL AUTO_INCREMENT, AUTO_INCREMENT=24;

--
-- AUTO_INCREMENT for table `testimoni`
--
ALTER TABLE `testimoni`
  MODIFY `id_testimoni` int(11) NOT NULL AUTO_INCREMENT, AUTO_INCREMENT=7;

--
-- AUTO_INCREMENT for table `users_modul`
--
ALTER TABLE `users_modul`
  MODIFY `id_umod` int(11) NOT NULL AUTO_INCREMENT, AUTO_INCREMENT=18;

--
-- AUTO_INCREMENT for table `video`
--
ALTER TABLE `video`
  MODIFY `id_video` int(5) NOT NULL AUTO_INCREMENT;
COMMIT;

/*!40101 SET CHARACTER_SET_CLIENT=@OLD_CHARACTER_SET_CLIENT */;
/*!40101 SET CHARACTER_SET_RESULTS=@OLD_CHARACTER_SET_RESULTS */;
/*!40101 SET COLLATION_CONNECTION=@OLD_COLLATION_CONNECTION */;
