-- phpMyAdmin SQL Dump
-- version 5.0.1
-- https://www.phpmyadmin.net/
--
-- Host: 127.0.0.1
-- Generation Time: Jan 27, 2023 at 06:30 PM
-- Server version: 10.4.11-MariaDB
-- PHP Version: 7.4.3

SET SQL_MODE = "NO_AUTO_VALUE_ON_ZERO";
SET AUTOCOMMIT = 0;
START TRANSACTION;
SET time_zone = "+00:00";


/*!40101 SET @OLD_CHARACTER_SET_CLIENT=@@CHARACTER_SET_CLIENT */;
/*!40101 SET @OLD_CHARACTER_SET_RESULTS=@@CHARACTER_SET_RESULTS */;
/*!40101 SET @OLD_COLLATION_CONNECTION=@@COLLATION_CONNECTION */;
/*!40101 SET NAMES utf8mb4 */;

--
-- Database: `gilakodingan`
--

-- --------------------------------------------------------

--
-- Table structure for table `agenda`
--

CREATE TABLE `agenda` (
  `id_agenda` int(5) NOT NULL,
  `tema` varchar(100) COLLATE latin1_general_ci NOT NULL,
  `tema_seo` varchar(100) COLLATE latin1_general_ci NOT NULL,
  `isi_agenda` text COLLATE latin1_general_ci NOT NULL,
  `tempat` varchar(100) COLLATE latin1_general_ci NOT NULL,
  `pengirim` varchar(100) COLLATE latin1_general_ci NOT NULL,
  `gambar` varchar(100) COLLATE latin1_general_ci NOT NULL,
  `tgl_mulai` date NOT NULL,
  `tgl_selesai` date NOT NULL,
  `tgl_posting` date NOT NULL,
  `jam` varchar(50) COLLATE latin1_general_ci NOT NULL,
  `dibaca` int(5) NOT NULL DEFAULT 1,
  `username` varchar(50) COLLATE latin1_general_ci NOT NULL
) ENGINE=MyISAM DEFAULT CHARSET=latin1 COLLATE=latin1_general_ci;

--
-- Dumping data for table `agenda`
--

INSERT INTO `agenda` (`id_agenda`, `tema`, `tema_seo`, `isi_agenda`, `tempat`, `pengirim`, `gambar`, `tgl_mulai`, `tgl_selesai`, `tgl_posting`, `jam`, `dibaca`, `username`) VALUES
(64, 'Elton John Greatest Hits Tour', 'elton-john-greatest-hits-tour', '<p>November ini,&nbsp; Indonesia akan disuguhkan salah satu konser megah dari legenda musik dunia yaitu Elton John. Penampilan Elton John yang pertama kalinya di Indonesia akan berlangsung pada 17 November 2012, di&nbsp; Sentul International Convention Center, Bogor yang lokasinya tidak begitu jauh dari Jakarta.<br />\r\n<br />\r\nKonser Elton John ini merupakan bagian dari tur dunianya yang bertajuk &ldquo;Greatest Hits Tour&rdquo; dan akan dimulai pada awal November dari Latvia sampai ke Australia. Elton John akan membawa band lamanya yang terdiri dari Davey Johnstone, Nigel Olsson, Robert Birch, Kim Bullard dan John Mahon, dan empat backing vocal yaitu Rose&nbsp; Batu (Sly dan The Family Stone), Lisa Bank, Tata Vega, dan Jean Witherspoon.</p>\r\n', 'Sentul International Convention Center', 'Robby Prihandaya', 'Capture.JPG', '2012-11-17', '2012-11-17', '2012-08-20', '02:00:00 - 13:30:00', 128, 'admin'),
(62, 'Maroon Live in Jakarta 2012', 'maroon-live-in-jakarta-2012', 'Maroon 5 akan kembali menghibur penggemar Jakarta mereka dengan sebuah konser pada 5 Oktober 2012 di Istora Senayan, Jakarta. Ini akan menjadi penampilan kedua mereka di tanah air setelah tampil pada konser sold out 27 April 2011 lalu. Grup musik beraliran pop rock yang berasal dari Los Angeles, California Amerika Serikat. Rencananya menggelar konsernya pada 5 Oktober 2012, di Istora Senayan, Jakarta. Java Musikindo selaku promotor telah mengumumkan pembagian kelas serta harga tiket konser. Band yang digawangi oleh Adam Levine (vokal/gitar), Jesse Carmichael (keyboard/gitar),Mickey Madden (bass), James Valentine (gitar), Matt Flynn (drum) ini menggelar konser di Jakarta sebagai bagian dari promo album barunya, Overexposed, yang dirilis Juni lalu.\r\n', 'Istora Senayan Jakarta', 'Muhammad Arsenio', '', '2012-10-05', '2012-10-05', '2012-08-19', '20:00:00 - Selesai', 25, 'admin'),
(63, 'Festival Musik Bambu Nusa', 'festival-musik-bambu-nusantara-2012', 'Bambu Nusantara ke-6 tahun ini akan digelar di Jakarta Convention Center (JCC), di Jalan Jenderal Gatot Subroto, Jakarta, pada 1 - 2 September 2012. Acara tersebut akan menghadirkan beraneka kreasi berbahan bambu dan tampilnya beragam seni dari bambu. Selain suguhan musik etnik berpadu dengan musik modern, dalam Acara ini juga akan turut diisi dengan pameran, seminar, merchandise, kuliner, dan fashion yang dipadu padankan dengan karya berbahan bambu.<br />\r\n', 'Jakarta Convention Center (JCC), Jakarta', 'Dewiit Safitri', '', '2012-09-01', '2012-09-02', '2012-08-20', '09:00:00 - 21:00:00', 42, 'admin');

-- --------------------------------------------------------

--
-- Table structure for table `album`
--

CREATE TABLE `album` (
  `id_album` int(5) NOT NULL,
  `jdl_album` varchar(100) COLLATE latin1_general_ci NOT NULL,
  `album_seo` varchar(100) COLLATE latin1_general_ci NOT NULL,
  `keterangan` text COLLATE latin1_general_ci NOT NULL,
  `gbr_album` varchar(100) COLLATE latin1_general_ci NOT NULL,
  `aktif` enum('Y','N') COLLATE latin1_general_ci NOT NULL DEFAULT 'Y',
  `hits_album` int(5) NOT NULL DEFAULT 1,
  `tgl_posting` date NOT NULL,
  `jam` time NOT NULL,
  `hari` varchar(20) COLLATE latin1_general_ci NOT NULL,
  `username` varchar(50) COLLATE latin1_general_ci NOT NULL
) ENGINE=MyISAM DEFAULT CHARSET=latin1 COLLATE=latin1_general_ci;

--
-- Dumping data for table `album`
--

INSERT INTO `album` (`id_album`, `jdl_album`, `album_seo`, `keterangan`, `gbr_album`, `aktif`, `hits_album`, `tgl_posting`, `jam`, `hari`, `username`) VALUES
(1, 'contoh', 'contoh', '<p>contoh</p>\r\n', 'laravel8_lpg.PNG', 'Y', 0, '2023-01-27', '22:33:24', 'Jumat', 'admin'),
(2, 'contoh1', 'contoh1', '<p>contoh1</p>\r\n', 'wisata33.jpg', 'Y', 1, '2023-01-27', '22:33:48', 'Jumat', 'admin'),
(3, 'contoh2', 'contoh2', '<p>contoh2</p>\r\n', 'Codeighneiter.jpg', 'Y', 0, '2023-01-27', '22:34:16', 'Jumat', 'admin'),
(4, 'contoh3', 'contoh3', '<p>contoh3</p>\r\n', 'gilakodingan.jpg', 'Y', 0, '2023-01-27', '22:34:37', 'Jumat', 'admin'),
(5, 'contoh4', 'contoh4', '<p>contoh4</p>\r\n', 'wisata22_11zon.jpg', 'Y', 0, '2023-01-27', '22:36:10', 'Jumat', 'admin'),
(6, 'contoh5', 'contoh5', '<p>contoh5</p>\r\n', 'wisata24_11zon.jpg', 'Y', 1, '2023-01-27', '22:36:33', 'Jumat', 'admin'),
(7, 'contoh6', 'contoh6', '<p>contoh6</p>\r\n', 'wisata26_11zon.jpg', 'Y', 1, '2023-01-27', '22:36:55', 'Jumat', 'admin');

-- --------------------------------------------------------

--
-- Table structure for table `background`
--

CREATE TABLE `background` (
  `id_background` int(5) NOT NULL,
  `gambar` varchar(255) NOT NULL
) ENGINE=MyISAM DEFAULT CHARSET=latin1;

--
-- Dumping data for table `background`
--

INSERT INTO `background` (`id_background`, `gambar`) VALUES
(1, 'black');

-- --------------------------------------------------------

--
-- Table structure for table `banner`
--

CREATE TABLE `banner` (
  `id_banner` int(5) NOT NULL,
  `judul` varchar(100) COLLATE latin1_general_ci NOT NULL,
  `url` varchar(100) COLLATE latin1_general_ci NOT NULL,
  `gambar` varchar(100) COLLATE latin1_general_ci NOT NULL,
  `tgl_posting` date NOT NULL
) ENGINE=MyISAM DEFAULT CHARSET=latin1 COLLATE=latin1_general_ci;

-- --------------------------------------------------------

--
-- Table structure for table `banner_produk`
--

CREATE TABLE `banner_produk` (
  `id_banner_produk` int(5) NOT NULL,
  `judul` varchar(100) NOT NULL,
  `url` varchar(100) NOT NULL,
  `gambar` varchar(100) NOT NULL,
  `tgl_posting` date NOT NULL
) ENGINE=InnoDB DEFAULT CHARSET=utf8mb4;

--
-- Dumping data for table `banner_produk`
--

INSERT INTO `banner_produk` (`id_banner_produk`, `judul`, `url`, `gambar`, `tgl_posting`) VALUES
(0, 'tes', 'https://gilakodingan.blogspot.com/', '', '2023-01-27');

-- --------------------------------------------------------

--
-- Table structure for table `berita`
--

CREATE TABLE `berita` (
  `id_berita` int(5) NOT NULL,
  `id_kategori` int(5) NOT NULL,
  `username` varchar(30) COLLATE latin1_general_ci NOT NULL,
  `judul` varchar(100) CHARACTER SET utf8 COLLATE utf8_unicode_ci NOT NULL,
  `sub_judul` varchar(255) CHARACTER SET utf8 COLLATE utf8_unicode_ci NOT NULL,
  `youtube` varchar(100) COLLATE latin1_general_ci NOT NULL,
  `judul_seo` text CHARACTER SET utf8 COLLATE utf8_unicode_ci NOT NULL,
  `headline` enum('Y','N') COLLATE latin1_general_ci NOT NULL DEFAULT 'Y',
  `aktif` enum('Y','N') COLLATE latin1_general_ci NOT NULL DEFAULT 'N',
  `utama` enum('Y','N') COLLATE latin1_general_ci NOT NULL DEFAULT 'Y',
  `isi_berita` longtext CHARACTER SET utf8 COLLATE utf8_unicode_ci NOT NULL,
  `keterangan_gambar` text COLLATE latin1_general_ci NOT NULL,
  `hari` varchar(20) COLLATE latin1_general_ci NOT NULL,
  `tanggal` date NOT NULL,
  `jam` time NOT NULL,
  `gambar` varchar(100) COLLATE latin1_general_ci NOT NULL,
  `dibaca` int(5) NOT NULL DEFAULT 1,
  `tag` varchar(100) COLLATE latin1_general_ci NOT NULL,
  `status` enum('Y','N') COLLATE latin1_general_ci NOT NULL DEFAULT 'Y'
) ENGINE=MyISAM DEFAULT CHARSET=latin1 COLLATE=latin1_general_ci;

--
-- Dumping data for table `berita`
--

INSERT INTO `berita` (`id_berita`, `id_kategori`, `username`, `judul`, `sub_judul`, `youtube`, `judul_seo`, `headline`, `aktif`, `utama`, `isi_berita`, `keterangan_gambar`, `hari`, `tanggal`, `jam`, `gambar`, `dibaca`, `tag`, `status`) VALUES
(1, 1, 'admin', 'Aplikasi SPK', 'SPK', '', 'aplikasi-spk', 'Y', 'Y', 'Y', '<p>Sistem Pengambil Keputusan</p>\r\n', 'SPK', 'Sabtu', '2023-01-28', '00:14:06', 'gilakodingan.jpg', 2, 'contoh', 'Y');

-- --------------------------------------------------------

--
-- Table structure for table `download`
--

CREATE TABLE `download` (
  `id_download` int(5) NOT NULL,
  `judul` varchar(100) COLLATE latin1_general_ci NOT NULL,
  `nama_file` varchar(100) COLLATE latin1_general_ci NOT NULL,
  `tgl_posting` date NOT NULL,
  `hits` int(3) NOT NULL
) ENGINE=MyISAM DEFAULT CHARSET=latin1 COLLATE=latin1_general_ci;

-- --------------------------------------------------------

--
-- Table structure for table `gallery`
--

CREATE TABLE `gallery` (
  `id_gallery` int(5) NOT NULL,
  `id_album` int(5) NOT NULL,
  `username` varchar(50) COLLATE latin1_general_ci NOT NULL,
  `jdl_gallery` varchar(100) COLLATE latin1_general_ci NOT NULL,
  `gallery_seo` varchar(100) COLLATE latin1_general_ci NOT NULL,
  `keterangan` text COLLATE latin1_general_ci NOT NULL,
  `gbr_gallery` varchar(100) COLLATE latin1_general_ci NOT NULL
) ENGINE=MyISAM DEFAULT CHARSET=latin1 COLLATE=latin1_general_ci;

--
-- Dumping data for table `gallery`
--

INSERT INTO `gallery` (`id_gallery`, `id_album`, `username`, `jdl_gallery`, `gallery_seo`, `keterangan`, `gbr_gallery`) VALUES
(1, 2, 'admin', 'contoh', 'contoh', '<p>contoh</p>\r\n', 'wisata28.jpg');

-- --------------------------------------------------------

--
-- Table structure for table `halamanstatis`
--

CREATE TABLE `halamanstatis` (
  `id_halaman` int(5) NOT NULL,
  `judul` varchar(100) NOT NULL,
  `judul_seo` varchar(100) NOT NULL,
  `isi_halaman` text NOT NULL,
  `tgl_posting` date NOT NULL,
  `gambar` varchar(100) NOT NULL,
  `username` varchar(50) CHARACTER SET latin1 COLLATE latin1_general_ci NOT NULL,
  `dibaca` int(5) NOT NULL DEFAULT 1,
  `jam` time NOT NULL,
  `hari` varchar(20) CHARACTER SET latin1 COLLATE latin1_general_ci NOT NULL
) ENGINE=MyISAM DEFAULT CHARSET=latin1;

--
-- Dumping data for table `halamanstatis`
--

INSERT INTO `halamanstatis` (`id_halaman`, `judul`, `judul_seo`, `isi_halaman`, `tgl_posting`, `gambar`, `username`, `dibaca`, `jam`, `hari`) VALUES
(46, 'Tentang Kami Tunggul News', 'tentang-kami-tunggul-news', '<p>Tunggul.com merupakan portal online berita dan hiburan yang berfokus pada pembaca Indonesia baik yang berada di tanah air maupun yang tinggal di luar negeri. Berita Tunggul.com diupdate selama 24 jam dan mendapatkan kunjungan lebih dari 190 juta pageviews setiap bulannya (Sumber: Google Analytics).</p>\n<p>Tunggul.com memiliki beragam konten dari berita umum, politik, peristiwa, internasional, ekonomi, lifestyle, selebriti, sports, bola, auto, teknologi, dan lainya. Tunggul juga merupakan salah satu portal pertama yang memberikan inovasi konten video dan mobile (handphone). Para pembaca kami adalah profesional, karyawan kantor, pengusaha, politisi, pelajar, dan ibu rumah tangga.</p>\n<p>Konten berita Tunggul.com ditulis secara tajam, singkat, padat, dan dinamis sebagai respons terhadap tuntutan masyarakat yang semakin efisien dalam membaca berita. Selain itu konsep portal berita online juga semakin menjadi pilihan masyarakat karena sifatnya yang up-to-date dan melaporkan kejadian peristiwa secara instant pada saat itu juga sehingga masyarakat tidak perlu menunggu sampai esok harinya untuk membaca berita yang terjadi.</p>\n<p>Tunggul.com resmi diluncurkan (Commercial Launch) sebagai portal berita pada 1 Maret 2007) dan merupakan cikal-bakal bisnis online pertama milik PT Php MU Tbk, sebuah perusahan media terintegrasi yang terbesar di Indonesia dan di Asia Tenggara. PHPMU juga memiliki dan mengelola bisnis media TV (RCTI, MNC TV, Global TV), media cetak (Koran Seputar Indonesia, Tabloid Genie, Tabloid Mom &amp; Kiddie, majalah HighEnd, dan Trust), media radio (SINDO, Trijaya FM, ARH Global, Radio Dangdut Indonesia, V Radio), serta sejumlah bisnis media lainnya (mobile VAS, Manajemen artis, rumah produksi film, agen iklan, dll).</p>\n<p>Sampai dengan bulan Oktober 2008, Tunggul.com mendapatkan peringkat ke 24 dari Top 100 website terpopuler di Indonesia (Sumber: Alexa.com), peringkat ini terus naik yang disebabkan semakin banyak pengunjung situs yang mengakses Tunggul.com setiap harinya. Selain itu, jumlah pengguna internet yang mencapai 25 juta (Sumber: data APJII per 2005) diperkirakan untuk terus tumbuh dengan signifikan dalam beberapa tahun ke depan.</p>', '2014-04-07', '', 'admin', 51, '13:10:57', 'Senin'),
(48, 'Alamat Perusahaan', 'alamat-perusahaan', '<p>Tunggul.com merupakan portal online berita dan hiburan yang berfokus pada pembaca Indonesia baik yang berada di tanah air maupun yang tinggal di luar negeri. Berita Tunggul.com diupdate selama 24 jam dan mendapatkan kunjungan lebih dari 190 juta pageviews setiap bulannya (Sumber: Google Analytics).</p>\r\n\r\n<p>Tunggul.com memiliki beragam konten dari berita umum, politik, peristiwa, internasional, ekonomi, lifestyle, selebriti, sports, bola, auto, teknologi, dan lainya. Tunggul juga merupakan salah satu portal pertama yang memberikan inovasi konten video dan mobile (handphone). Para pembaca kami adalah profesional, karyawan kantor, pengusaha, politisi, pelajar, dan ibu rumah tangga.</p>\r\n\r\n<p>Tunggul.com memiliki beragam konten dari berita umum, politik, peristiwa, internasional, ekonomi, lifestyle, selebriti, sports, bola, auto, teknologi, dan lainya. Tunggul juga merupakan salah satu portal pertama yang memberikan inovasi konten video dan mobile (handphone). Para pembaca kami adalah profesional, karyawan kantor, pengusaha, politisi, pelajar, dan ibu rumah tangga.</p>\r\n', '2014-04-07', '', 'admin', 25, '13:32:28', 'Senin');

-- --------------------------------------------------------

--
-- Table structure for table `header`
--

CREATE TABLE `header` (
  `id_header` int(5) NOT NULL,
  `judul` varchar(100) COLLATE latin1_general_ci NOT NULL,
  `url` varchar(100) COLLATE latin1_general_ci NOT NULL,
  `gambar` varchar(100) COLLATE latin1_general_ci NOT NULL,
  `tgl_posting` date NOT NULL
) ENGINE=MyISAM DEFAULT CHARSET=latin1 COLLATE=latin1_general_ci;

--
-- Dumping data for table `header`
--

INSERT INTO `header` (`id_header`, `judul`, `url`, `gambar`, `tgl_posting`) VALUES
(31, 'Header3', '', 'header3.jpg', '2011-04-06'),
(32, 'Header2', '', 'header1.jpg', '2011-04-06'),
(33, 'Header1', '', 'header2.jpg', '2011-04-06');

-- --------------------------------------------------------

--
-- Table structure for table `hubungi`
--

CREATE TABLE `hubungi` (
  `id_hubungi` int(5) NOT NULL,
  `nama` varchar(50) COLLATE latin1_general_ci NOT NULL,
  `email` varchar(100) COLLATE latin1_general_ci NOT NULL,
  `subjek` varchar(100) COLLATE latin1_general_ci NOT NULL,
  `pesan` text COLLATE latin1_general_ci NOT NULL,
  `tanggal` date NOT NULL,
  `jam` time NOT NULL,
  `dibaca` enum('Y','N') COLLATE latin1_general_ci NOT NULL DEFAULT 'N',
  `lampiran` varchar(255) COLLATE latin1_general_ci NOT NULL
) ENGINE=MyISAM DEFAULT CHARSET=latin1 COLLATE=latin1_general_ci;

--
-- Dumping data for table `hubungi`
--

INSERT INTO `hubungi` (`id_hubungi`, `nama`, `email`, `subjek`, `pesan`, `tanggal`, `jam`, `dibaca`, `lampiran`) VALUES
(39, 'Robby Prihandaya', 'robby.prihandaya@gmail.com', '::1', 'Kami memiliki komitmen untuk memberikan layanan terbaik kepada Anda dan selalu berusaha untuk menyediakan produk dan layanan terbaik yang Anda butuhkan. Apabila untuk alasan tertentu Anda merasa tidak puas dengan pelayanan kami, Anda dapat menyampaikan kritik dan saran Anda kepada kami. Kami akan menidaklanjuti masukan yang Anda berikan dan bila perlu mengambil tindakan untuk mencegah masalah yang sama terulang kembali.', '2017-01-23', '21:56:12', 'Y', ''),
(35, 'yusri renor', 'aciafifah@gmail.com', 'pertanyaan', 'bagaimana cara mengunduh nomor ujian fak. pertanian', '2014-01-19', '00:00:00', 'Y', ''),
(36, 'Lusi Rahmawati', 'robby.prihandaya@gmail.com', 'xvgxcvxc', 'gbvibviubuibiub', '2014-07-02', '00:00:00', 'Y', ''),
(38, 'Udin Sedunia', 'udin.sedunia@gmail.com', 'Ip Pengirim : 120.177.28.244', 'Silahkan menghubungi kami melalui private message melalui form yang berada pada bagian kanan halaman ini. Kritik dan saran Anda sangat penting bagi kami untuk terus meningkatkan kualitas produk dan layanan yang kami berikan kepada Anda.', '2015-06-02', '00:00:00', 'Y', ''),
(40, 'Robby Prihandaya', 'robby.prihandaya@gmail.com', '::1', 'Kami memiliki komitmen untuk memberikan layanan terbaik kepada Anda dan selalu berusaha untuk menyediakan produk dan layanan terbaik yang Anda butuhkan. Apabila untuk alasan tertentu Anda merasa tidak puas dengan pelayanan kami, Anda dapat menyampaikan kritik dan saran Anda kepada kami. Kami akan menidaklanjuti masukan yang Anda berikan dan bila perlu mengambil tindakan untuk mencegah masalah yang sama terulang kembali.', '2017-01-25', '09:54:45', 'Y', ''),
(41, 'Robby Prihandaya', 'todaynews.co.id@gmail.coms', '::1', 'asdasdasd', '2018-05-04', '19:33:01', 'Y', '');

-- --------------------------------------------------------

--
-- Table structure for table `identitas`
--

CREATE TABLE `identitas` (
  `id_identitas` int(5) NOT NULL,
  `nama_website` varchar(100) NOT NULL,
  `email` varchar(100) NOT NULL,
  `url` varchar(100) CHARACTER SET latin1 COLLATE latin1_general_ci NOT NULL,
  `facebook` text CHARACTER SET latin1 COLLATE latin1_general_ci NOT NULL,
  `rekening` varchar(100) NOT NULL,
  `no_telp` varchar(20) CHARACTER SET latin1 COLLATE latin1_general_ci NOT NULL,
  `meta_deskripsi` varchar(250) NOT NULL,
  `meta_keyword` varchar(250) NOT NULL,
  `favicon` varchar(50) NOT NULL,
  `maps` text NOT NULL
) ENGINE=MyISAM DEFAULT CHARSET=latin1;

--
-- Dumping data for table `identitas`
--

INSERT INTO `identitas` (`id_identitas`, `nama_website`, `email`, `url`, `facebook`, `rekening`, `no_telp`, `meta_deskripsi`, `meta_keyword`, `favicon`, `maps`) VALUES
(1, 'Gilakodingan', 'i3udi4tu@gmail.com', 'http://localhost/gilakodingan', 'https://gilakodingan.blogspot.com,https://gilakodingan.blogspot.com, https://gilakodingan.blogspot.com, https://gilakodingan.blogspot.com', '3728732873827', '083897318462', 'Menyajikan update terbaru, tercepat, dan terpercaya seputar pemograman.', 'Selamat datang di gilakodingan, adalah penyempurnaan dan perbaikan dari gilakodingan sebelumnya.', 'gila.png', 'https://www.google.com/maps/embed?pb=!1m18!1m12!1m3!1d15867.28644084826!2d106.92860901904905!3d-6.154641304474554!2m3!1f0!2f0!3f0!3m2!1i1024!2i768!4f13.1!3m3!1m2!1s0x2e698ade8eb846a3%3A0x51e8977d2e26db75!2sJl.%20Tipar%20Cakung%2C%20Daerah%20Khusus%20Ibukota%20Jakarta!5e0!3m2!1sen!2sid!4v1674263838565!5m2!1sen!2sid');

-- --------------------------------------------------------

--
-- Table structure for table `iklanatas`
--

CREATE TABLE `iklanatas` (
  `id_iklanatas` int(5) NOT NULL,
  `judul` varchar(100) COLLATE latin1_general_ci NOT NULL,
  `username` varchar(50) COLLATE latin1_general_ci NOT NULL,
  `url` varchar(100) COLLATE latin1_general_ci NOT NULL,
  `gambar` varchar(100) COLLATE latin1_general_ci NOT NULL,
  `tgl_posting` date NOT NULL
) ENGINE=MyISAM DEFAULT CHARSET=latin1 COLLATE=latin1_general_ci;

--
-- Dumping data for table `iklanatas`
--

INSERT INTO `iklanatas` (`id_iklanatas`, `judul`, `username`, `url`, `gambar`, `tgl_posting`) VALUES
(40, 'Iklan atas 1', 'admin', 'https://gilakodingan.blogspot.com/', '1.jpg', '2023-01-26'),
(41, 'Iklan atas 2', 'admin', 'https://gilakodingan.blogspot.com/', '2.jpg', '2023-01-26'),
(42, 'Iklan atas 3', 'admin', 'https://gilakodingan.blogspot.com/', '3.jpg', '2023-01-26'),
(43, 'Iklan atas 4', 'admin', 'https://gilakodingan.blogspot.com/', '4.jpg', '2023-01-26'),
(44, 'Iklan atas 5', 'admin', 'https://gilakodingan.blogspot.com/', '5.jpg', '2023-01-26'),
(45, 'Iklan atas 6', 'admin', 'https://gilakodingan.blogspot.com/', 'wisata28.jpg', '2023-01-27');

-- --------------------------------------------------------

--
-- Table structure for table `iklantengah`
--

CREATE TABLE `iklantengah` (
  `id_iklantengah` int(5) NOT NULL,
  `judul` varchar(100) COLLATE latin1_general_ci NOT NULL,
  `username` varchar(50) COLLATE latin1_general_ci NOT NULL,
  `url` varchar(100) COLLATE latin1_general_ci NOT NULL,
  `gambar` varchar(100) COLLATE latin1_general_ci NOT NULL,
  `tgl_posting` date NOT NULL
) ENGINE=MyISAM DEFAULT CHARSET=latin1 COLLATE=latin1_general_ci;

--
-- Dumping data for table `iklantengah`
--

INSERT INTO `iklantengah` (`id_iklantengah`, `judul`, `username`, `url`, `gambar`, `tgl_posting`) VALUES
(1, 'Iklan Home No 1', 'admin', 'https://gilakodingan.blogspot.com/', 'home.jpg', '2023-01-26'),
(2, 'Iklan Home No 2', 'admin', 'https://gilakodingan.blogspot.com/', 'home.jpg', '2023-01-26'),
(3, 'Iklan Home No 3', 'admin', 'https://gilakodingan.blogspot.com/', 'home.jpg', '2023-01-26'),
(4, 'Iklan Bawah Detail Berita', 'admin', 'https://gilakodingan.blogspot.com/', 'home.jpg', '2023-01-26'),
(5, 'Iklan dibawah Detail Video', 'admin', 'https://gilakodingan.blogspot.com/', 'home.jpg', '2023-01-26'),
(6, 'Iklan dibawah Detail Berita Foto', 'admin', 'https://gilakodingan.blogspot.com/', 'home.swf', '2023-01-26'),
(7, 'Iklan dibawah Halaman Download', 'admin', 'https://gilakodingan.blogspot.com/', 'home.jpg', '2023-01-26'),
(8, 'Iklan dibawah detail agenda', 'admin', 'https://gilakodingan.blogspot.com/', 'laravel8_lpg.PNG', '2023-01-27'),
(9, 'Iklan dibawah halaman statis', 'admin', 'https://gilakodingan.blogspot.com/', '', '2023-01-27');

-- --------------------------------------------------------

--
-- Table structure for table `katajelek`
--

CREATE TABLE `katajelek` (
  `id_jelek` int(11) NOT NULL,
  `kata` varchar(60) COLLATE latin1_general_ci DEFAULT NULL,
  `username` varchar(50) COLLATE latin1_general_ci NOT NULL,
  `ganti` varchar(60) COLLATE latin1_general_ci DEFAULT NULL
) ENGINE=MyISAM DEFAULT CHARSET=latin1 COLLATE=latin1_general_ci;

--
-- Dumping data for table `katajelek`
--

INSERT INTO `katajelek` (`id_jelek`, `kata`, `username`, `ganti`) VALUES
(4, 'sex', '', 's**'),
(2, 'bajingan', '', 'b*******'),
(3, 'bangsat', '', 'b******'),
(5, 'fuck', 'admin', 'f**k'),
(6, 'pantat', 'admin', 'p****t');

-- --------------------------------------------------------

--
-- Table structure for table `kategori`
--

CREATE TABLE `kategori` (
  `id_kategori` int(5) NOT NULL,
  `nama_kategori` varchar(50) COLLATE latin1_general_ci NOT NULL,
  `username` varchar(50) COLLATE latin1_general_ci NOT NULL,
  `kategori_seo` varchar(100) COLLATE latin1_general_ci NOT NULL,
  `aktif` enum('Y','N') COLLATE latin1_general_ci NOT NULL DEFAULT 'Y',
  `sidebar` int(10) NOT NULL
) ENGINE=MyISAM DEFAULT CHARSET=latin1 COLLATE=latin1_general_ci;

--
-- Dumping data for table `kategori`
--

INSERT INTO `kategori` (`id_kategori`, `nama_kategori`, `username`, `kategori_seo`, `aktif`, `sidebar`) VALUES
(1, 'Framework', 'admin', 'framework', 'Y', 1);

-- --------------------------------------------------------

--
-- Table structure for table `komentar`
--

CREATE TABLE `komentar` (
  `id_komentar` int(5) NOT NULL,
  `id_berita` int(5) NOT NULL,
  `nama_komentar` varchar(100) COLLATE latin1_general_ci NOT NULL,
  `url` varchar(100) COLLATE latin1_general_ci NOT NULL,
  `isi_komentar` text COLLATE latin1_general_ci NOT NULL,
  `tgl` date NOT NULL,
  `jam_komentar` time NOT NULL,
  `aktif` enum('Y','N') COLLATE latin1_general_ci NOT NULL DEFAULT 'Y',
  `email` varchar(100) COLLATE latin1_general_ci NOT NULL
) ENGINE=MyISAM DEFAULT CHARSET=latin1 COLLATE=latin1_general_ci;

--
-- Dumping data for table `komentar`
--

INSERT INTO `komentar` (`id_komentar`, `id_berita`, `nama_komentar`, `url`, `isi_komentar`, `tgl`, `jam_komentar`, `aktif`, `email`) VALUES
(1, 1, 'contoh', 'Budi Saja', 'contoh', '2023-01-26', '23:41:39', 'Y', 'atuaja88@gmail.com'),
(2, 1, 'Budi Santoso', 'tesaja', 'ok', '2023-01-26', '23:42:56', 'Y', 'i3udi4tu@gmail.com');

-- --------------------------------------------------------

--
-- Table structure for table `komentarpro`
--

CREATE TABLE `komentarpro` (
  `id_komentar` int(5) NOT NULL,
  `id_produk` int(5) NOT NULL,
  `nama_komentar` varchar(100) COLLATE latin1_general_ci NOT NULL,
  `url` varchar(100) COLLATE latin1_general_ci NOT NULL,
  `isi_komentar` text COLLATE latin1_general_ci NOT NULL,
  `tgl` date NOT NULL,
  `jam_komentar` time NOT NULL,
  `aktif` enum('Y','N') COLLATE latin1_general_ci NOT NULL DEFAULT 'Y',
  `email` varchar(100) COLLATE latin1_general_ci NOT NULL
) ENGINE=MyISAM DEFAULT CHARSET=latin1 COLLATE=latin1_general_ci;

-- --------------------------------------------------------

--
-- Table structure for table `komentarvid`
--

CREATE TABLE `komentarvid` (
  `id_komentar` int(5) NOT NULL,
  `id_video` int(5) NOT NULL,
  `nama_komentar` varchar(100) COLLATE latin1_general_ci NOT NULL,
  `url` varchar(100) COLLATE latin1_general_ci NOT NULL,
  `isi_komentar` text COLLATE latin1_general_ci NOT NULL,
  `tgl` date NOT NULL,
  `jam_komentar` time NOT NULL,
  `aktif` enum('Y','N') COLLATE latin1_general_ci NOT NULL DEFAULT 'Y'
) ENGINE=MyISAM DEFAULT CHARSET=latin1 COLLATE=latin1_general_ci;

--
-- Dumping data for table `komentarvid`
--

INSERT INTO `komentarvid` (`id_komentar`, `id_video`, `nama_komentar`, `url`, `isi_komentar`, `tgl`, `jam_komentar`, `aktif`) VALUES
(107, 160, 'Prabowo Subianto', 'Prabowo@gmail.com', ' Your  email  address  will  not  be  published.  Required  fields  are  marked', '2014-07-21', '13:29:29', 'N'),
(108, 163, 'Robby Prihandaya', 'robby.prihandaya@gmail.com', ' Kita  memang  harus  selamatkan  hutan  indonesia,  walau  apapun  yang  terjadi.   ', '2014-07-21', '13:31:10', 'Y'),
(109, 160, 'Robby Prihandaya', 'robby.prihandaya@gmail.com', ' Swarakalibata  V.3 sekarang  hadir  dengan  tampilan  baru  yang  pastinya  sudah  jauh  lebih  maju  dari  versi  sebelumnya.', '2014-07-21', '21:09:31', 'Y'),
(112, 166, 'Robby Prihandaya', 'robby.prihandaya@gmail.com', 'Exclusive Di IDAFF Acedemy - &quot;Social Blogging Mastery 2&quot; - Workshop 2 Hari Yang Akan Merubah Hidup Anda Di Tahun 2017. Di Bongkar Oleh Ahlinya Cara Paling Mudah Memiliki Penghasillan Sampingan Lewat Internet Hingga Jutaan Rupiah Setiap Bulannya.', '2017-01-25', '09:40:01', 'Y'),
(113, 166, 'Dewiit Safitri', 'dewiit.safitri@gmail.com', 'Pemimpin tertinggi Iran, Ayatollah Ali Khamenei menyampaikan pernyataan kontroversial terkait ketegangan di Gaza. Khamenei mendorong agar Palestina terus melawan Israel. &quot;Salah satu cara untuk menghentikan rezim kurang ajar ini adalah melanjutkan perlawanan dan dan perjuangan bersenjata harus diperluas ke Tepi Barat,&quot; sebut Khamenei, seperti dikutip dari IRNA.', '2017-01-25', '09:40:55', 'Y');

-- --------------------------------------------------------

--
-- Table structure for table `komentar_reply`
--

CREATE TABLE `komentar_reply` (
  `id_komentar` int(11) NOT NULL,
  `aktif` varchar(5) NOT NULL,
  `isi_reply` varchar(200) NOT NULL,
  `tgl_reply` date NOT NULL,
  `petugas` varchar(10) NOT NULL,
  `jam_reply` time NOT NULL
) ENGINE=InnoDB DEFAULT CHARSET=utf8mb4;

--
-- Dumping data for table `komentar_reply`
--

INSERT INTO `komentar_reply` (`id_komentar`, `aktif`, `isi_reply`, `tgl_reply`, `petugas`, `jam_reply`) VALUES
(1, 'Y', 'ok', '2023-01-26', 'admin', '23:42:14'),
(2, 'Y', 'yes', '2023-01-26', 'admin', '23:43:15');

-- --------------------------------------------------------

--
-- Table structure for table `logo`
--

CREATE TABLE `logo` (
  `id_logo` int(5) NOT NULL,
  `gambar` varchar(100) COLLATE latin1_general_ci NOT NULL
) ENGINE=MyISAM DEFAULT CHARSET=latin1 COLLATE=latin1_general_ci;

--
-- Dumping data for table `logo`
--

INSERT INTO `logo` (`id_logo`, `gambar`) VALUES
(15, 'logo.png');

-- --------------------------------------------------------

--
-- Table structure for table `menu`
--

CREATE TABLE `menu` (
  `id_menu` int(5) NOT NULL,
  `id_parent` int(5) NOT NULL DEFAULT 0,
  `nama_menu` varchar(30) NOT NULL,
  `link` varchar(100) NOT NULL,
  `aktif` enum('Ya','Tidak') NOT NULL DEFAULT 'Ya',
  `position` enum('Top','Bottom') DEFAULT 'Bottom',
  `urutan` int(3) NOT NULL
) ENGINE=MyISAM DEFAULT CHARSET=latin1;

--
-- Dumping data for table `menu`
--

INSERT INTO `menu` (`id_menu`, `id_parent`, `nama_menu`, `link`, `aktif`, `position`, `urutan`) VALUES
(117, 0, 'Download', 'download', 'Ya', 'Bottom', 10),
(115, 0, 'Alamat Kami', 'halaman/detail/alamat-perusahaan', 'Ya', 'Top', 3),
(113, 0, 'Tentang Kami', 'halaman/detail/tentang-kami-tunggul-news', 'Ya', 'Top', 2),
(112, 22, 'Dalam Negeri', '#', 'Ya', 'Bottom', 20),
(151, 150, 'Semua Produk', 'produk', 'Ya', 'Bottom', 16),
(150, 0, 'Marketplace System', 'members/orders_report', 'Ya', 'Bottom', 15),
(19, 0, 'Berita Foto', 'albums', 'Ya', 'Bottom', 9),
(18, 0, 'Video', 'playlist', 'Ya', 'Bottom', 8),
(8, 0, 'Berita', '#', 'Ya', 'Bottom', 6),
(116, 0, 'Hubungi Kami', 'hubungi', 'Ya', 'Top', 4),
(118, 0, 'Agenda', 'agenda', 'Ya', 'Bottom', 11),
(119, 0, 'Index Berita', 'berita/indeks_berita', 'Ya', 'Top', 1),
(120, 8, 'Tutorial', 'kategori/detail/seni--budaya', 'Ya', 'Bottom', 7),
(121, 0, 'Konsultasi', 'konsultasi', 'Ya', 'Bottom', 12),
(124, 0, 'Kontributor', 'kontributor', 'Ya', 'Bottom', 13),
(126, 22, 'Luar Negeri', '#', 'Ya', 'Bottom', 21),
(147, 0, 'Testimoni', 'testimoni', 'Ya', 'Bottom', 14),
(148, 150, 'Konfirmasi Orders', 'konfirmasi', 'Ya', 'Bottom', 19),
(149, 150, 'Tracking Orders', 'konfirmasi/tracking', 'Ya', 'Bottom', 18),
(152, 150, 'Semua Pelapak', 'produk/reseller', 'Ya', 'Bottom', 17),
(155, 150, 'Orders Report', 'members/orders_report', 'Ya', 'Bottom', 20);

-- --------------------------------------------------------

--
-- Table structure for table `modul`
--

CREATE TABLE `modul` (
  `id_modul` int(5) NOT NULL,
  `nama_modul` varchar(50) CHARACTER SET latin1 COLLATE latin1_general_ci NOT NULL,
  `username` varchar(50) CHARACTER SET latin1 COLLATE latin1_general_ci NOT NULL,
  `link` varchar(100) CHARACTER SET latin1 COLLATE latin1_general_ci NOT NULL,
  `static_content` text CHARACTER SET latin1 COLLATE latin1_general_ci NOT NULL,
  `gambar` varchar(100) CHARACTER SET latin1 COLLATE latin1_general_ci NOT NULL,
  `publish` enum('Y','N') CHARACTER SET latin1 COLLATE latin1_general_ci NOT NULL DEFAULT 'Y',
  `status` enum('user','admin') CHARACTER SET latin1 COLLATE latin1_general_ci NOT NULL,
  `aktif` enum('Y','N') CHARACTER SET latin1 COLLATE latin1_general_ci NOT NULL DEFAULT 'Y',
  `urutan` int(5) NOT NULL,
  `link_seo` varchar(50) CHARACTER SET latin1 COLLATE latin1_general_ci NOT NULL
) ENGINE=MyISAM DEFAULT CHARSET=latin1;

--
-- Dumping data for table `modul`
--

INSERT INTO `modul` (`id_modul`, `nama_modul`, `username`, `link`, `static_content`, `gambar`, `publish`, `status`, `aktif`, `urutan`, `link_seo`) VALUES
(2, 'Manajemen User', 'admin', 'manajemenuser', '', '', 'Y', 'user', 'Y', 0, ''),
(18, 'Berita', 'admin', 'listberita', '', '', 'Y', 'user', 'Y', 0, ''),
(71, 'Background Website', 'admin', 'background', '', '', 'N', 'admin', 'N', 0, ''),
(10, 'Manajemen Modul', 'admin', 'manajemenmodul', '', '', 'Y', 'user', 'Y', 0, ''),
(31, 'Kategori Berita ', 'admin', 'kategorikategori', '', '', 'Y', 'user', 'Y', 0, ''),
(33, 'Jajak Pendapat', 'admin', 'jajakpendapat', '', '', 'Y', 'user', 'Y', 0, ''),
(34, 'Tag Berita', 'admin', 'tagberita', '', '', 'Y', 'user', 'Y', 0, ''),
(35, 'Komentar Berita', 'admin', 'komentarberita', '', '', 'Y', 'user', 'Y', 0, ''),
(41, 'Agenda', 'admin', 'agenda', '', '', 'Y', 'user', 'Y', 0, ''),
(43, 'Berita Foto', 'admin', 'album', '', '', 'Y', 'user', 'Y', 0, ''),
(44, 'Galeri Berita Foto', 'admin', 'gallery', '', '', 'Y', 'user', 'Y', 0, ''),
(45, 'Template Website', 'admin', 'templatewebsite', '', '', 'Y', 'user', 'Y', 0, ''),
(46, 'Sensor Kata', 'admin', 'sensorkomentar', '', '', 'Y', 'user', 'Y', 0, ''),
(61, 'Identitas Website', 'admin', 'identitaswebsite', '', '', 'Y', 'user', 'Y', 0, ''),
(57, 'Menu Website', 'admin', 'menuwebsite', '', '', 'Y', 'user', 'Y', 0, ''),
(59, 'Halaman Baru', 'admin', 'halamanbaru', '', '', 'Y', 'user', 'Y', 0, ''),
(62, 'Video', 'admin', 'video', '', '', 'Y', 'user', 'Y', 0, ''),
(63, 'Playlist Video', 'admin', 'playlist', '', '', 'Y', 'user', 'Y', 0, ''),
(64, 'Tag Video', 'admin', 'tagvideo', '', '', 'Y', 'user', 'Y', 0, ''),
(65, 'Komentar Video', 'admin', 'komentarvideo', '', '', 'Y', 'user', 'Y', 0, ''),
(66, 'Logo Website', 'admin', 'logowebsite', '', '', 'Y', 'user', 'Y', 0, ''),
(67, 'Iklan Sidebar', 'admin', 'iklansidebar', '', '', 'N', 'admin', 'N', 0, ''),
(68, 'Iklan Home', 'admin', 'iklanhome', '', '', 'N', 'admin', 'N', 0, ''),
(69, 'Iklan Atas', 'admin', 'iklanatas', '', '', 'N', 'admin', 'N', 0, ''),
(70, 'Pesan Masuk', 'admin', 'pesanmasuk', '', '', 'Y', 'user', 'Y', 0, ''),
(72, 'Sekilas Info', 'admin', 'sekilasinfo', '', '', 'Y', 'admin', 'Y', 0, ''),
(73, 'Yahoo Messanger', 'admin', 'ym', '', '', 'N', 'admin', 'N', 0, ''),
(74, 'Download Area', 'admin', 'download', '', '', 'Y', 'admin', 'Y', 0, ''),
(75, 'Alamat Kontak', 'admin', 'alamat', '', '', 'Y', 'admin', 'Y', 0, '');

-- --------------------------------------------------------

--
-- Table structure for table `mod_alamat`
--

CREATE TABLE `mod_alamat` (
  `id_alamat` int(5) NOT NULL,
  `alamat` text CHARACTER SET latin1 COLLATE latin1_general_ci NOT NULL
) ENGINE=MyISAM DEFAULT CHARSET=latin1;

--
-- Dumping data for table `mod_alamat`
--

INSERT INTO `mod_alamat` (`id_alamat`, `alamat`) VALUES
(1, '<strong>Haloo!</strong>, Kami berkomitmen memberikan layanan terbaik untuk Anda,&nbsp;menyediakan produk dan layanan terbaik yang Anda butuhkan. Apabila untuk alasan tertentu Anda merasa tidak puas dengan pelayanan kami dapat menyampaikan kritik dan saran.<br />\r\n<br />\r\nKami akan menidaklanjuti masukan yang Anda berikan dan bila perlu mengambil tindakan untuk mencegah masalah yang sama terulang kembali.\r\n');

-- --------------------------------------------------------

--
-- Table structure for table `mod_ym`
--

CREATE TABLE `mod_ym` (
  `id` int(11) NOT NULL,
  `nama` varchar(255) COLLATE latin1_general_ci NOT NULL,
  `username` varchar(50) COLLATE latin1_general_ci NOT NULL,
  `ym_icon` int(3) NOT NULL
) ENGINE=MyISAM DEFAULT CHARSET=latin1 COLLATE=latin1_general_ci;

--
-- Dumping data for table `mod_ym`
--

INSERT INTO `mod_ym` (`id`, `nama`, `username`, `ym_icon`) VALUES
(1, 'admin', 'admin', 2);

-- --------------------------------------------------------

--
-- Table structure for table `pasangiklan`
--

CREATE TABLE `pasangiklan` (
  `id_pasangiklan` int(5) NOT NULL,
  `judul` varchar(100) COLLATE latin1_general_ci NOT NULL,
  `username` varchar(50) COLLATE latin1_general_ci NOT NULL,
  `url` varchar(100) COLLATE latin1_general_ci NOT NULL,
  `gambar` varchar(100) COLLATE latin1_general_ci NOT NULL,
  `tgl_posting` date NOT NULL
) ENGINE=MyISAM DEFAULT CHARSET=latin1 COLLATE=latin1_general_ci;

--
-- Dumping data for table `pasangiklan`
--

INSERT INTO `pasangiklan` (`id_pasangiklan`, `judul`, `username`, `url`, `gambar`, `tgl_posting`) VALUES
(1, 'Iklan Sidebar Kiri', 'admin', 'https://gilakodingan.blogspot.com/', 'wisata282.jpg', '2023-01-27'),
(2, 'Iklan Sidebar Kanan', 'admin', 'https://gilakodingan.blogspot.com/', 'gila.png', '2023-01-27');

-- --------------------------------------------------------

--
-- Table structure for table `playlist`
--

CREATE TABLE `playlist` (
  `id_playlist` int(5) NOT NULL,
  `jdl_playlist` varchar(100) COLLATE latin1_general_ci NOT NULL,
  `username` varchar(50) COLLATE latin1_general_ci NOT NULL,
  `playlist_seo` varchar(100) COLLATE latin1_general_ci NOT NULL,
  `gbr_playlist` varchar(100) COLLATE latin1_general_ci NOT NULL,
  `aktif` enum('Y','N') COLLATE latin1_general_ci NOT NULL DEFAULT 'Y'
) ENGINE=MyISAM DEFAULT CHARSET=latin1 COLLATE=latin1_general_ci;

--
-- Dumping data for table `playlist`
--

INSERT INTO `playlist` (`id_playlist`, `jdl_playlist`, `username`, `playlist_seo`, `gbr_playlist`, `aktif`) VALUES
(62, 'contoh', 'admin', 'contoh', 'gilakodingan.jpg', 'Y'),
(63, 'contoh1', 'admin', 'contoh1', 'laravel8_lpg.PNG', 'Y'),
(64, 'contoh2', 'admin', 'contoh2', 'Codeighneiter.jpg', 'Y'),
(65, 'contoh3', 'admin', 'contoh3', 'wisata28.jpg', 'Y'),
(66, 'contoh4', 'admin', 'contoh4', 'wisata26_11zon.jpg', 'Y'),
(67, 'contoh5', 'admin', 'contoh5', 'wisata33.jpg', 'Y'),
(68, 'contoh6', 'admin', 'contoh6', 'wisata7.jpg', 'Y');

-- --------------------------------------------------------

--
-- Table structure for table `poling`
--

CREATE TABLE `poling` (
  `id_poling` int(5) NOT NULL,
  `pilihan` varchar(100) COLLATE latin1_general_ci NOT NULL,
  `status` varchar(20) COLLATE latin1_general_ci NOT NULL,
  `username` varchar(50) COLLATE latin1_general_ci NOT NULL,
  `rating` int(5) NOT NULL DEFAULT 0,
  `aktif` enum('Y','N') COLLATE latin1_general_ci NOT NULL
) ENGINE=MyISAM DEFAULT CHARSET=latin1 COLLATE=latin1_general_ci;

--
-- Dumping data for table `poling`
--

INSERT INTO `poling` (`id_poling`, `pilihan`, `status`, `username`, `rating`, `aktif`) VALUES
(18, 'Siapakah Calon Walikota dan Wakil Walikota Padang Favorit Anda?', 'Pertanyaan', 'admin', 0, 'Y'),
(25, 'Mahyeldi Ansyarullah - Emzalmi', 'Jawaban', 'admin', 25, 'Y'),
(31, 'Robby Prihandaya - Dewi Safitri', 'Jawaban', 'admin', 1, 'Y'),
(32, 'Tommy Utama - Laura Hikmah', 'Jawaban', 'admin', 3, 'Y'),
(33, 'Willy Fernando - Vicky Armita', 'Jawaban', 'admin', 9, 'Y'),
(35, 'Laura Himah i Nisaa - Safaruddin', 'Jawaban', 'admin', 5, 'Y');

-- --------------------------------------------------------

--
-- Table structure for table `rb_bonus`
--

CREATE TABLE `rb_bonus` (
  `id_bonus` int(11) NOT NULL,
  `username` varchar(50) NOT NULL,
  `nominal` int(11) NOT NULL,
  `status` enum('1','2') NOT NULL,
  `waktu_bonus` datetime NOT NULL
) ENGINE=MyISAM DEFAULT CHARSET=latin1;

--
-- Dumping data for table `rb_bonus`
--

INSERT INTO `rb_bonus` (`id_bonus`, `username`, `nominal`, `status`, `waktu_bonus`) VALUES
(8, 'arsenio', 100000, '1', '2017-04-10 23:55:38'),
(7, 'robby', 100000, '1', '2017-04-10 23:55:38');

-- --------------------------------------------------------

--
-- Table structure for table `rb_kategori_produk`
--

CREATE TABLE `rb_kategori_produk` (
  `id_kategori_produk` int(11) NOT NULL,
  `nama_kategori` varchar(255) NOT NULL,
  `username` varchar(50) NOT NULL,
  `kategori_seo` varchar(255) NOT NULL,
  `aktif` enum('Y','N') NOT NULL,
  `sidebar` int(10) NOT NULL
) ENGINE=MyISAM DEFAULT CHARSET=latin1;

--
-- Dumping data for table `rb_kategori_produk`
--

INSERT INTO `rb_kategori_produk` (`id_kategori_produk`, `nama_kategori`, `username`, `kategori_seo`, `aktif`, `sidebar`) VALUES
(1, 'PHP', '', 'php', 'Y', 0);

-- --------------------------------------------------------

--
-- Table structure for table `rb_kategori_produk_sub`
--

CREATE TABLE `rb_kategori_produk_sub` (
  `id_kategori_produk_sub` int(11) NOT NULL,
  `id_kategori_produk` int(11) NOT NULL,
  `nama_kategori_sub` varchar(255) NOT NULL,
  `kategori_seo_sub` varchar(255) NOT NULL
) ENGINE=MyISAM DEFAULT CHARSET=latin1;

--
-- Dumping data for table `rb_kategori_produk_sub`
--

INSERT INTO `rb_kategori_produk_sub` (`id_kategori_produk_sub`, `id_kategori_produk`, `nama_kategori_sub`, `kategori_seo_sub`) VALUES
(1, 1, 'PHP Natif', 'php-natif');

-- --------------------------------------------------------

--
-- Table structure for table `rb_keterangan`
--

CREATE TABLE `rb_keterangan` (
  `id_keterangan` int(5) NOT NULL,
  `id_reseller` int(11) NOT NULL,
  `keterangan` text NOT NULL,
  `tanggal_posting` date NOT NULL
) ENGINE=MyISAM DEFAULT CHARSET=latin1;

-- --------------------------------------------------------

--
-- Table structure for table `rb_konfirmasi_pembayaran`
--

CREATE TABLE `rb_konfirmasi_pembayaran` (
  `id_konfirmasi_pembayaran` int(11) NOT NULL,
  `id_penjualan` int(11) NOT NULL,
  `total_transfer` varchar(20) NOT NULL,
  `id_rekening` int(11) NOT NULL,
  `nama_pengirim` varchar(255) NOT NULL,
  `tanggal_transfer` date NOT NULL,
  `bukti_transfer` varchar(255) NOT NULL,
  `waktu_konfirmasi` datetime NOT NULL
) ENGINE=MyISAM DEFAULT CHARSET=latin1;

-- --------------------------------------------------------

--
-- Table structure for table `rb_konfirmasi_pembayaran_konsumen`
--

CREATE TABLE `rb_konfirmasi_pembayaran_konsumen` (
  `id_konfirmasi_pembayaran` int(11) NOT NULL,
  `id_penjualan` int(11) NOT NULL,
  `total_transfer` varchar(20) NOT NULL,
  `id_rekening` int(11) NOT NULL,
  `nama_pengirim` varchar(255) NOT NULL,
  `tanggal_transfer` date NOT NULL,
  `bukti_transfer` varchar(255) NOT NULL,
  `waktu_konfirmasi` datetime NOT NULL
) ENGINE=MyISAM DEFAULT CHARSET=latin1;

-- --------------------------------------------------------

--
-- Table structure for table `rb_konsumen`
--

CREATE TABLE `rb_konsumen` (
  `id_konsumen` int(11) NOT NULL,
  `username` varchar(60) NOT NULL,
  `password` text NOT NULL,
  `nama_lengkap` varchar(255) NOT NULL,
  `email` varchar(60) NOT NULL,
  `jenis_kelamin` enum('Laki-laki','Perempuan') NOT NULL,
  `tanggal_lahir` date NOT NULL,
  `tempat_lahir` varchar(100) NOT NULL,
  `alamat_lengkap` text NOT NULL,
  `kecamatan` varchar(255) NOT NULL,
  `kota_id` int(11) NOT NULL,
  `no_hp` varchar(15) NOT NULL,
  `foto` varchar(255) NOT NULL,
  `tanggal_daftar` date NOT NULL
) ENGINE=MyISAM DEFAULT CHARSET=latin1;

--
-- Dumping data for table `rb_konsumen`
--

INSERT INTO `rb_konsumen` (`id_konsumen`, `username`, `password`, `nama_lengkap`, `email`, `jenis_kelamin`, `tanggal_lahir`, `tempat_lahir`, `alamat_lengkap`, `kecamatan`, `kota_id`, `no_hp`, `foto`, `tanggal_daftar`) VALUES
(1, 'budis', 'd7d2f602e155ba700ed76c48d9a48009b9383e8d17435bfb0fe8ad7c664d4002f16cc7a65c6fb066963714a794f96441ef7f9b9c1b1456acfb9225cbad474fb0', 'budi s', 'budis@gmail.com', 'Laki-laki', '0000-00-00', '', 'jl cipar cakung', 'cilincing', 155, '74728472428', 'wisata281.jpg', '2023-01-21');

-- --------------------------------------------------------

--
-- Table structure for table `rb_kota`
--

CREATE TABLE `rb_kota` (
  `kota_id` int(11) NOT NULL,
  `provinsi_id` int(11) NOT NULL,
  `nama_kota` varchar(100) NOT NULL
) ENGINE=MyISAM DEFAULT CHARSET=latin1;

--
-- Dumping data for table `rb_kota`
--

INSERT INTO `rb_kota` (`kota_id`, `provinsi_id`, `nama_kota`) VALUES
(17, 1, 'Badung'),
(32, 1, 'Bangli'),
(94, 1, 'Buleleng'),
(114, 1, 'Denpasar'),
(128, 1, 'Gianyar'),
(161, 1, 'Jembrana'),
(170, 1, 'Karangasem'),
(197, 1, 'Klungkung'),
(447, 1, 'Tabanan'),
(27, 2, 'Bangka'),
(28, 2, 'Bangka Barat'),
(29, 2, 'Bangka Selatan'),
(30, 2, 'Bangka Tengah'),
(56, 2, 'Belitung'),
(57, 2, 'Belitung Timur'),
(334, 2, 'Pangkal Pinang'),
(106, 3, 'Cilegon'),
(232, 3, 'Lebak'),
(331, 3, 'Pandeglang'),
(402, 3, 'Serang'),
(403, 3, 'Serang'),
(455, 3, 'Tangerang'),
(456, 3, 'Tangerang'),
(457, 3, 'Tangerang Selatan'),
(62, 4, 'Bengkulu'),
(63, 4, 'Bengkulu Selatan'),
(64, 4, 'Bengkulu Tengah'),
(65, 4, 'Bengkulu Utara'),
(175, 4, 'Kaur'),
(183, 4, 'Kepahiang'),
(233, 4, 'Lebong'),
(294, 4, 'Muko Muko'),
(379, 4, 'Rejang Lebong'),
(397, 4, 'Seluma'),
(39, 5, 'Bantul'),
(135, 5, 'Gunung Kidul'),
(210, 5, 'Kulon Progo'),
(419, 5, 'Sleman'),
(501, 5, 'Yogyakarta'),
(151, 6, 'Jakarta Barat'),
(152, 6, 'Jakarta Pusat'),
(153, 6, 'Jakarta Selatan'),
(154, 6, 'Jakarta Timur'),
(155, 6, 'Jakarta Utara'),
(189, 6, 'Kepulauan Seribu'),
(77, 7, 'Boalemo'),
(88, 7, 'Bone Bolango'),
(129, 7, 'Gorontalo'),
(130, 7, 'Gorontalo'),
(131, 7, 'Gorontalo Utara'),
(361, 7, 'Pohuwato'),
(50, 8, 'Batang Hari'),
(97, 8, 'Bungo'),
(156, 8, 'Jambi'),
(194, 8, 'Kerinci'),
(280, 8, 'Merangin'),
(293, 8, 'Muaro Jambi'),
(393, 8, 'Sarolangun'),
(442, 8, 'Sungaipenuh'),
(460, 8, 'Tanjung Jabung Barat'),
(461, 8, 'Tanjung Jabung Timur'),
(471, 8, 'Tebo'),
(22, 9, 'Bandung'),
(23, 9, 'Bandung'),
(24, 9, 'Bandung Barat'),
(34, 9, 'Banjar'),
(54, 9, 'Bekasi'),
(55, 9, 'Bekasi'),
(78, 9, 'Bogor'),
(79, 9, 'Bogor'),
(103, 9, 'Ciamis'),
(104, 9, 'Cianjur'),
(107, 9, 'Cimahi'),
(108, 9, 'Cirebon'),
(109, 9, 'Cirebon'),
(115, 9, 'Depok'),
(126, 9, 'Garut'),
(149, 9, 'Indramayu'),
(171, 9, 'Karawang'),
(211, 9, 'Kuningan'),
(252, 9, 'Majalengka'),
(332, 9, 'Pangandaran'),
(376, 9, 'Purwakarta'),
(428, 9, 'Subang'),
(430, 9, 'Sukabumi'),
(431, 9, 'Sukabumi'),
(440, 9, 'Sumedang'),
(468, 9, 'Tasikmalaya'),
(469, 9, 'Tasikmalaya'),
(37, 10, 'Banjarnegara'),
(41, 10, 'Banyumas'),
(49, 10, 'Batang'),
(76, 10, 'Blora'),
(91, 10, 'Boyolali'),
(92, 10, 'Brebes'),
(105, 10, 'Cilacap'),
(113, 10, 'Demak'),
(134, 10, 'Grobogan'),
(163, 10, 'Jepara'),
(169, 10, 'Karanganyar'),
(177, 10, 'Kebumen'),
(181, 10, 'Kendal'),
(196, 10, 'Klaten'),
(209, 10, 'Kudus'),
(249, 10, 'Magelang'),
(250, 10, 'Magelang'),
(344, 10, 'Pati'),
(348, 10, 'Pekalongan'),
(349, 10, 'Pekalongan'),
(352, 10, 'Pemalang'),
(375, 10, 'Purbalingga'),
(377, 10, 'Purworejo'),
(380, 10, 'Rembang'),
(386, 10, 'Salatiga'),
(398, 10, 'Semarang'),
(399, 10, 'Semarang'),
(427, 10, 'Sragen'),
(433, 10, 'Sukoharjo'),
(445, 10, 'Surakarta (Solo)'),
(472, 10, 'Tegal'),
(473, 10, 'Tegal'),
(476, 10, 'Temanggung'),
(497, 10, 'Wonogiri'),
(498, 10, 'Wonosobo'),
(31, 11, 'Bangkalan'),
(42, 11, 'Banyuwangi'),
(51, 11, 'Batu'),
(74, 11, 'Blitar'),
(75, 11, 'Blitar'),
(80, 11, 'Bojonegoro'),
(86, 11, 'Bondowoso'),
(133, 11, 'Gresik'),
(160, 11, 'Jember'),
(164, 11, 'Jombang'),
(178, 11, 'Kediri'),
(179, 11, 'Kediri'),
(222, 11, 'Lamongan'),
(243, 11, 'Lumajang'),
(247, 11, 'Madiun'),
(248, 11, 'Madiun'),
(251, 11, 'Magetan'),
(256, 11, 'Malang'),
(255, 11, 'Malang'),
(289, 11, 'Mojokerto'),
(290, 11, 'Mojokerto'),
(305, 11, 'Nganjuk'),
(306, 11, 'Ngawi'),
(317, 11, 'Pacitan'),
(330, 11, 'Pamekasan'),
(342, 11, 'Pasuruan'),
(343, 11, 'Pasuruan'),
(363, 11, 'Ponorogo'),
(369, 11, 'Probolinggo'),
(370, 11, 'Probolinggo'),
(390, 11, 'Sampang'),
(409, 11, 'Sidoarjo'),
(418, 11, 'Situbondo'),
(441, 11, 'Sumenep'),
(444, 11, 'Surabaya'),
(487, 11, 'Trenggalek'),
(489, 11, 'Tuban'),
(492, 11, 'Tulungagung'),
(61, 12, 'Bengkayang'),
(168, 12, 'Kapuas Hulu'),
(176, 12, 'Kayong Utara'),
(195, 12, 'Ketapang'),
(208, 12, 'Kubu Raya'),
(228, 12, 'Landak'),
(279, 12, 'Melawi'),
(364, 12, 'Pontianak'),
(365, 12, 'Pontianak'),
(388, 12, 'Sambas'),
(391, 12, 'Sanggau'),
(395, 12, 'Sekadau'),
(415, 12, 'Singkawang'),
(417, 12, 'Sintang'),
(18, 13, 'Balangan'),
(33, 13, 'Banjar'),
(35, 13, 'Banjarbaru'),
(36, 13, 'Banjarmasin'),
(43, 13, 'Barito Kuala'),
(143, 13, 'Hulu Sungai Selatan'),
(144, 13, 'Hulu Sungai Tengah'),
(145, 13, 'Hulu Sungai Utara'),
(203, 13, 'Kotabaru'),
(446, 13, 'Tabalong'),
(452, 13, 'Tanah Bumbu'),
(454, 13, 'Tanah Laut'),
(466, 13, 'Tapin'),
(44, 14, 'Barito Selatan'),
(45, 14, 'Barito Timur'),
(46, 14, 'Barito Utara'),
(136, 14, 'Gunung Mas'),
(167, 14, 'Kapuas'),
(174, 14, 'Katingan'),
(205, 14, 'Kotawaringin Barat'),
(206, 14, 'Kotawaringin Timur'),
(221, 14, 'Lamandau'),
(296, 14, 'Murung Raya'),
(326, 14, 'Palangka Raya'),
(371, 14, 'Pulang Pisau'),
(405, 14, 'Seruyan'),
(432, 14, 'Sukamara'),
(19, 15, 'Balikpapan'),
(66, 15, 'Berau'),
(89, 15, 'Bontang'),
(214, 15, 'Kutai Barat'),
(215, 15, 'Kutai Kartanegara'),
(216, 15, 'Kutai Timur'),
(341, 15, 'Paser'),
(354, 15, 'Penajam Paser Utara'),
(387, 15, 'Samarinda'),
(96, 16, 'Bulungan (Bulongan)'),
(257, 16, 'Malinau'),
(311, 16, 'Nunukan'),
(450, 16, 'Tana Tidung'),
(467, 16, 'Tarakan'),
(48, 17, 'Batam'),
(71, 17, 'Bintan'),
(172, 17, 'Karimun'),
(184, 17, 'Kepulauan Anambas'),
(237, 17, 'Lingga'),
(302, 17, 'Natuna'),
(462, 17, 'Tanjung Pinang'),
(21, 18, 'Bandar Lampung'),
(223, 18, 'Lampung Barat'),
(224, 18, 'Lampung Selatan'),
(225, 18, 'Lampung Tengah'),
(226, 18, 'Lampung Timur'),
(227, 18, 'Lampung Utara'),
(282, 18, 'Mesuji'),
(283, 18, 'Metro'),
(355, 18, 'Pesawaran'),
(356, 18, 'Pesisir Barat'),
(368, 18, 'Pringsewu'),
(458, 18, 'Tanggamus'),
(490, 18, 'Tulang Bawang'),
(491, 18, 'Tulang Bawang Barat'),
(496, 18, 'Way Kanan'),
(14, 19, 'Ambon'),
(99, 19, 'Buru'),
(100, 19, 'Buru Selatan'),
(185, 19, 'Kepulauan Aru'),
(258, 19, 'Maluku Barat Daya'),
(259, 19, 'Maluku Tengah'),
(260, 19, 'Maluku Tenggara'),
(261, 19, 'Maluku Tenggara Barat'),
(400, 19, 'Seram Bagian Barat'),
(401, 19, 'Seram Bagian Timur'),
(488, 19, 'Tual'),
(138, 20, 'Halmahera Barat'),
(139, 20, 'Halmahera Selatan'),
(140, 20, 'Halmahera Tengah'),
(141, 20, 'Halmahera Timur'),
(142, 20, 'Halmahera Utara'),
(191, 20, 'Kepulauan Sula'),
(372, 20, 'Pulau Morotai'),
(477, 20, 'Ternate'),
(478, 20, 'Tidore Kepulauan'),
(1, 21, 'Aceh Barat'),
(2, 21, 'Aceh Barat Daya'),
(3, 21, 'Aceh Besar'),
(4, 21, 'Aceh Jaya'),
(5, 21, 'Aceh Selatan'),
(6, 21, 'Aceh Singkil'),
(7, 21, 'Aceh Tamiang'),
(8, 21, 'Aceh Tengah'),
(9, 21, 'Aceh Tenggara'),
(10, 21, 'Aceh Timur'),
(11, 21, 'Aceh Utara'),
(20, 21, 'Banda Aceh'),
(59, 21, 'Bener Meriah'),
(72, 21, 'Bireuen'),
(127, 21, 'Gayo Lues'),
(230, 21, 'Langsa'),
(235, 21, 'Lhokseumawe'),
(300, 21, 'Nagan Raya'),
(358, 21, 'Pidie'),
(359, 21, 'Pidie Jaya'),
(384, 21, 'Sabang'),
(414, 21, 'Simeulue'),
(429, 21, 'Subulussalam'),
(68, 22, 'Bima'),
(69, 22, 'Bima'),
(118, 22, 'Dompu'),
(238, 22, 'Lombok Barat'),
(239, 22, 'Lombok Tengah'),
(240, 22, 'Lombok Timur'),
(241, 22, 'Lombok Utara'),
(276, 22, 'Mataram'),
(438, 22, 'Sumbawa'),
(439, 22, 'Sumbawa Barat'),
(13, 23, 'Alor'),
(58, 23, 'Belu'),
(122, 23, 'Ende'),
(125, 23, 'Flores Timur'),
(212, 23, 'Kupang'),
(213, 23, 'Kupang'),
(234, 23, 'Lembata'),
(269, 23, 'Manggarai'),
(270, 23, 'Manggarai Barat'),
(271, 23, 'Manggarai Timur'),
(301, 23, 'Nagekeo'),
(304, 23, 'Ngada'),
(383, 23, 'Rote Ndao'),
(385, 23, 'Sabu Raijua'),
(412, 23, 'Sikka'),
(434, 23, 'Sumba Barat'),
(435, 23, 'Sumba Barat Daya'),
(436, 23, 'Sumba Tengah'),
(437, 23, 'Sumba Timur'),
(479, 23, 'Timor Tengah Selatan'),
(480, 23, 'Timor Tengah Utara'),
(16, 24, 'Asmat'),
(67, 24, 'Biak Numfor'),
(90, 24, 'Boven Digoel'),
(111, 24, 'Deiyai (Deliyai)'),
(117, 24, 'Dogiyai'),
(150, 24, 'Intan Jaya'),
(157, 24, 'Jayapura'),
(158, 24, 'Jayapura'),
(159, 24, 'Jayawijaya'),
(180, 24, 'Keerom'),
(193, 24, 'Kepulauan Yapen (Yapen Waropen)'),
(231, 24, 'Lanny Jaya'),
(263, 24, 'Mamberamo Raya'),
(264, 24, 'Mamberamo Tengah'),
(274, 24, 'Mappi'),
(281, 24, 'Merauke'),
(284, 24, 'Mimika'),
(299, 24, 'Nabire'),
(303, 24, 'Nduga'),
(335, 24, 'Paniai'),
(347, 24, 'Pegunungan Bintang'),
(373, 24, 'Puncak'),
(374, 24, 'Puncak Jaya'),
(392, 24, 'Sarmi'),
(443, 24, 'Supiori'),
(484, 24, 'Tolikara'),
(495, 24, 'Waropen'),
(499, 24, 'Yahukimo'),
(500, 24, 'Yalimo'),
(124, 25, 'Fakfak'),
(165, 25, 'Kaimana'),
(272, 25, 'Manokwari'),
(273, 25, 'Manokwari Selatan'),
(277, 25, 'Maybrat'),
(346, 25, 'Pegunungan Arfak'),
(378, 25, 'Raja Ampat'),
(424, 25, 'Sorong'),
(425, 25, 'Sorong'),
(426, 25, 'Sorong Selatan'),
(449, 25, 'Tambrauw'),
(474, 25, 'Teluk Bintuni'),
(475, 25, 'Teluk Wondama'),
(60, 26, 'Bengkalis'),
(120, 26, 'Dumai'),
(147, 26, 'Indragiri Hilir'),
(148, 26, 'Indragiri Hulu'),
(166, 26, 'Kampar'),
(187, 26, 'Kepulauan Meranti'),
(207, 26, 'Kuantan Singingi'),
(350, 26, 'Pekanbaru'),
(351, 26, 'Pelalawan'),
(381, 26, 'Rokan Hilir'),
(382, 26, 'Rokan Hulu'),
(406, 26, 'Siak'),
(253, 27, 'Majene'),
(262, 27, 'Mamasa'),
(265, 27, 'Mamuju'),
(266, 27, 'Mamuju Utara'),
(362, 27, 'Polewali Mandar'),
(38, 28, 'Bantaeng'),
(47, 28, 'Barru'),
(87, 28, 'Bone'),
(95, 28, 'Bulukumba'),
(123, 28, 'Enrekang'),
(132, 28, 'Gowa'),
(162, 28, 'Jeneponto'),
(244, 28, 'Luwu'),
(245, 28, 'Luwu Timur'),
(246, 28, 'Luwu Utara'),
(254, 28, 'Makassar'),
(275, 28, 'Maros'),
(328, 28, 'Palopo'),
(333, 28, 'Pangkajene Kepulauan'),
(336, 28, 'Parepare'),
(360, 28, 'Pinrang'),
(396, 28, 'Selayar (Kepulauan Selayar)'),
(408, 28, 'Sidenreng Rappang/Rapang'),
(416, 28, 'Sinjai'),
(423, 28, 'Soppeng'),
(448, 28, 'Takalar'),
(451, 28, 'Tana Toraja'),
(486, 28, 'Toraja Utara'),
(493, 28, 'Wajo'),
(25, 29, 'Banggai'),
(26, 29, 'Banggai Kepulauan'),
(98, 29, 'Buol'),
(119, 29, 'Donggala'),
(291, 29, 'Morowali'),
(329, 29, 'Palu'),
(338, 29, 'Parigi Moutong'),
(366, 29, 'Poso'),
(410, 29, 'Sigi'),
(482, 29, 'Tojo Una-Una'),
(483, 29, 'Toli-Toli'),
(53, 30, 'Bau-Bau'),
(85, 30, 'Bombana'),
(101, 30, 'Buton'),
(102, 30, 'Buton Utara'),
(182, 30, 'Kendari'),
(198, 30, 'Kolaka'),
(199, 30, 'Kolaka Utara'),
(200, 30, 'Konawe'),
(201, 30, 'Konawe Selatan'),
(202, 30, 'Konawe Utara'),
(295, 30, 'Muna'),
(494, 30, 'Wakatobi'),
(73, 31, 'Bitung'),
(81, 31, 'Bolaang Mongondow (Bolmong)'),
(82, 31, 'Bolaang Mongondow Selatan'),
(83, 31, 'Bolaang Mongondow Timur'),
(84, 31, 'Bolaang Mongondow Utara'),
(188, 31, 'Kepulauan Sangihe'),
(190, 31, 'Kepulauan Siau Tagulandang Biaro (Sitaro)'),
(192, 31, 'Kepulauan Talaud'),
(204, 31, 'Kotamobagu'),
(267, 31, 'Manado'),
(285, 31, 'Minahasa'),
(286, 31, 'Minahasa Selatan'),
(287, 31, 'Minahasa Tenggara'),
(288, 31, 'Minahasa Utara'),
(485, 31, 'Tomohon'),
(12, 32, 'Agam'),
(93, 32, 'Bukittinggi'),
(116, 32, 'Dharmasraya'),
(186, 32, 'Kepulauan Mentawai'),
(236, 32, 'Lima Puluh Koto/Kota'),
(318, 32, 'Padang'),
(321, 32, 'Padang Panjang'),
(322, 32, 'Padang Pariaman'),
(337, 32, 'Pariaman'),
(339, 32, 'Pasaman'),
(340, 32, 'Pasaman Barat'),
(345, 32, 'Payakumbuh'),
(357, 32, 'Pesisir Selatan'),
(394, 32, 'Sawah Lunto'),
(411, 32, 'Sijunjung (Sawah Lunto Sijunjung)'),
(420, 32, 'Solok'),
(421, 32, 'Solok'),
(422, 32, 'Solok Selatan'),
(453, 32, 'Tanah Datar'),
(40, 33, 'Banyuasin'),
(121, 33, 'Empat Lawang'),
(220, 33, 'Lahat'),
(242, 33, 'Lubuk Linggau'),
(292, 33, 'Muara Enim'),
(297, 33, 'Musi Banyuasin'),
(298, 33, 'Musi Rawas'),
(312, 33, 'Ogan Ilir'),
(313, 33, 'Ogan Komering Ilir'),
(314, 33, 'Ogan Komering Ulu'),
(315, 33, 'Ogan Komering Ulu Selatan'),
(316, 33, 'Ogan Komering Ulu Timur'),
(324, 33, 'Pagar Alam'),
(327, 33, 'Palembang'),
(367, 33, 'Prabumulih'),
(15, 34, 'Asahan'),
(52, 34, 'Batu Bara'),
(70, 34, 'Binjai'),
(110, 34, 'Dairi'),
(112, 34, 'Deli Serdang'),
(137, 34, 'Gunungsitoli'),
(146, 34, 'Humbang Hasundutan'),
(173, 34, 'Karo'),
(217, 34, 'Labuhan Batu'),
(218, 34, 'Labuhan Batu Selatan'),
(219, 34, 'Labuhan Batu Utara'),
(229, 34, 'Langkat'),
(268, 34, 'Mandailing Natal'),
(278, 34, 'Medan'),
(307, 34, 'Nias'),
(308, 34, 'Nias Barat'),
(309, 34, 'Nias Selatan'),
(310, 34, 'Nias Utara'),
(319, 34, 'Padang Lawas'),
(320, 34, 'Padang Lawas Utara'),
(323, 34, 'Padang Sidempuan'),
(325, 34, 'Pakpak Bharat'),
(353, 34, 'Pematang Siantar'),
(389, 34, 'Samosir'),
(404, 34, 'Serdang Bedagai'),
(407, 34, 'Sibolga'),
(413, 34, 'Simalungun'),
(459, 34, 'Tanjung Balai'),
(463, 34, 'Tapanuli Selatan'),
(464, 34, 'Tapanuli Tengah'),
(465, 34, 'Tapanuli Utara'),
(470, 34, 'Tebing Tinggi'),
(481, 34, 'Toba Samosir');

-- --------------------------------------------------------

--
-- Table structure for table `rb_pembayaran_bonus`
--

CREATE TABLE `rb_pembayaran_bonus` (
  `id_pembayaran_bonus` int(10) NOT NULL,
  `username` varchar(60) NOT NULL,
  `nominal_bayar` int(10) NOT NULL,
  `waktu_bayar` date NOT NULL
) ENGINE=MyISAM DEFAULT CHARSET=latin1;

--
-- Dumping data for table `rb_pembayaran_bonus`
--

INSERT INTO `rb_pembayaran_bonus` (`id_pembayaran_bonus`, `username`, `nominal_bayar`, `waktu_bayar`) VALUES
(1, 'arsenio', 50000, '2017-04-11'),
(2, 'robby', 70000, '2017-04-11');

-- --------------------------------------------------------

--
-- Table structure for table `rb_pembelian`
--

CREATE TABLE `rb_pembelian` (
  `id_pembelian` int(11) NOT NULL,
  `kode_pembelian` varchar(50) NOT NULL,
  `id_supplier` int(11) NOT NULL,
  `waktu_beli` datetime NOT NULL
) ENGINE=MyISAM DEFAULT CHARSET=latin1;

-- --------------------------------------------------------

--
-- Table structure for table `rb_pembelian_detail`
--

CREATE TABLE `rb_pembelian_detail` (
  `id_pembelian_detail` int(11) NOT NULL,
  `id_pembelian` int(11) NOT NULL,
  `id_produk` int(11) NOT NULL,
  `harga_pesan` int(11) NOT NULL,
  `jumlah_pesan` int(11) NOT NULL,
  `satuan` varchar(50) NOT NULL
) ENGINE=MyISAM DEFAULT CHARSET=latin1;

-- --------------------------------------------------------

--
-- Table structure for table `rb_pencairan_bonus`
--

CREATE TABLE `rb_pencairan_bonus` (
  `id_pencairan_bonus` int(11) NOT NULL,
  `id_reseller` int(11) NOT NULL,
  `bonus_referral` int(11) NOT NULL,
  `waktu_pencairan` datetime NOT NULL
) ENGINE=MyISAM DEFAULT CHARSET=latin1;

-- --------------------------------------------------------

--
-- Table structure for table `rb_pencairan_reward`
--

CREATE TABLE `rb_pencairan_reward` (
  `id_pencairan_reward` int(11) NOT NULL,
  `id_reseller` int(11) NOT NULL,
  `id_reward` int(11) NOT NULL,
  `reward_date` varchar(10) NOT NULL,
  `waktu_pencairan` datetime NOT NULL
) ENGINE=MyISAM DEFAULT CHARSET=latin1;

-- --------------------------------------------------------

--
-- Table structure for table `rb_penjualan`
--

CREATE TABLE `rb_penjualan` (
  `id_penjualan` int(11) NOT NULL,
  `kode_transaksi` varchar(50) NOT NULL,
  `id_pembeli` int(11) NOT NULL,
  `id_penjual` int(11) NOT NULL DEFAULT 0,
  `status_pembeli` enum('reseller','konsumen') NOT NULL,
  `status_penjual` enum('admin','reseller') NOT NULL,
  `kurir` varchar(255) NOT NULL,
  `service` varchar(255) NOT NULL,
  `ongkir` int(11) NOT NULL,
  `waktu_transaksi` datetime NOT NULL,
  `proses` enum('0','1','2') NOT NULL
) ENGINE=MyISAM DEFAULT CHARSET=latin1;

--
-- Dumping data for table `rb_penjualan`
--

INSERT INTO `rb_penjualan` (`id_penjualan`, `kode_transaksi`, `id_pembeli`, `id_penjual`, `status_pembeli`, `status_penjual`, `kurir`, `service`, `ongkir`, `waktu_transaksi`, `proses`) VALUES
(1, 'TRX-20230121162617', 1, 1, 'reseller', 'admin', '', 'Stok Otomatis (Pribadi)', 0, '2023-01-21 16:26:17', '1'),
(18, 'TRX-20230127161315', 1, 1, 'konsumen', 'reseller', '', '', 0, '2023-01-27 16:13:35', '0'),
(3, 'TRX-20230121172657', 1, 1, 'reseller', 'admin', '', '', 0, '2023-01-21 17:26:57', '1'),
(4, 'TRX-20230121172752', 1, 1, 'reseller', 'admin', '', 'TRX-20230121172657', 0, '2023-01-21 17:27:52', '1'),
(5, 'TRX-20230121172909', 1, 1, 'reseller', 'admin', '', 'Stok Otomatis (Pribadi)', 0, '2023-01-21 17:29:09', '1'),
(19, 'TRX-20230127185432', 1, 1, 'reseller', 'admin', '', 'Stok Otomatis (Pribadi)', 0, '2023-01-27 18:54:32', '1'),
(14, 'TRX-20230126134918', 1, 1, 'reseller', 'admin', '', 'Stok Otomatis (Pribadi)', 0, '2023-01-26 13:49:18', '1'),
(16, 'TRX-20230126145534', 1, 1, 'reseller', 'admin', '', 'Stok Otomatis (Pribadi)', 0, '2023-01-26 14:55:34', '1');

-- --------------------------------------------------------

--
-- Table structure for table `rb_penjualan_detail`
--

CREATE TABLE `rb_penjualan_detail` (
  `id_penjualan_detail` int(11) NOT NULL,
  `id_penjualan` int(11) NOT NULL,
  `id_produk` int(11) NOT NULL,
  `jumlah` int(11) NOT NULL,
  `diskon` int(11) DEFAULT NULL,
  `harga_jual` int(11) NOT NULL,
  `satuan` varchar(50) NOT NULL
) ENGINE=MyISAM DEFAULT CHARSET=latin1;

--
-- Dumping data for table `rb_penjualan_detail`
--

INSERT INTO `rb_penjualan_detail` (`id_penjualan_detail`, `id_penjualan`, `id_produk`, `jumlah`, `diskon`, `harga_jual`, `satuan`) VALUES
(1, 1, 1, 100, 0, 0, '1'),
(18, 18, 1, 1, 400000, 500000, '1'),
(4, 3, 2, 0, 0, 500000, '4'),
(5, 4, 3, 0, 0, 500000, '4'),
(6, 5, 3, 4, 0, 500000, '4'),
(19, 19, 10, 7, NULL, 0, 'bh'),
(14, 14, 4, 3, NULL, 0, 'pcs'),
(16, 16, 5, 5, NULL, 0, 'pcs');

-- --------------------------------------------------------

--
-- Table structure for table `rb_penjualan_temp`
--

CREATE TABLE `rb_penjualan_temp` (
  `id_penjualan_detail` int(11) NOT NULL,
  `session` varchar(50) NOT NULL,
  `id_produk` int(11) NOT NULL,
  `jumlah` int(11) NOT NULL,
  `diskon` int(11) DEFAULT NULL,
  `harga_jual` int(11) NOT NULL,
  `satuan` varchar(50) NOT NULL,
  `waktu_order` datetime NOT NULL
) ENGINE=MyISAM DEFAULT CHARSET=latin1;

--
-- Dumping data for table `rb_penjualan_temp`
--

INSERT INTO `rb_penjualan_temp` (`id_penjualan_detail`, `session`, `id_produk`, `jumlah`, `diskon`, `harga_jual`, `satuan`, `waktu_order`) VALUES
(3, 'TRX-20230121170229', 1, 1, NULL, 500000, '1', '2023-01-21 17:02:29'),
(7, 'TRX-20230126003530', 1, 1, NULL, 500000, '1', '2023-01-26 00:35:30'),
(8, 'TRX-20230126004330', 1, 1, NULL, 500000, '1', '2023-01-26 00:43:30');

-- --------------------------------------------------------

--
-- Table structure for table `rb_produk`
--

CREATE TABLE `rb_produk` (
  `id_produk` int(11) NOT NULL,
  `id_produk_perusahaan` int(11) NOT NULL,
  `id_kategori_produk` int(11) NOT NULL,
  `id_kategori_produk_sub` int(11) NOT NULL,
  `id_reseller` int(11) NOT NULL,
  `nama_produk` varchar(255) NOT NULL,
  `produk_seo` varchar(255) NOT NULL,
  `satuan` varchar(50) NOT NULL,
  `harga_beli` int(11) NOT NULL,
  `harga_reseller` int(11) NOT NULL,
  `harga_konsumen` int(11) NOT NULL,
  `berat` varchar(50) NOT NULL,
  `gambar` varchar(255) NOT NULL,
  `keterangan` text NOT NULL,
  `dilihat` int(11) NOT NULL,
  `tag` varchar(100) NOT NULL,
  `username` varchar(50) NOT NULL,
  `waktu_input` datetime NOT NULL,
  `status` enum('Y','N') NOT NULL
) ENGINE=MyISAM DEFAULT CHARSET=latin1;

--
-- Dumping data for table `rb_produk`
--

INSERT INTO `rb_produk` (`id_produk`, `id_produk_perusahaan`, `id_kategori_produk`, `id_kategori_produk_sub`, `id_reseller`, `nama_produk`, `produk_seo`, `satuan`, `harga_beli`, `harga_reseller`, `harga_konsumen`, `berat`, `gambar`, `keterangan`, `dilihat`, `tag`, `username`, `waktu_input`, `status`) VALUES
(1, 0, 1, 1, 1, 'Algoritma Apriori', 'algoritma-apriori', '1', 300000, 4999, 500000, '10', 'laravel8_lpg.PNG', '<p>Aplikasi Apriori untuk menentukan pola pembelian konsumen</p>', 2, 'contoh', 'budiatu', '2023-01-21 16:26:17', 'Y'),
(9, 0, 1, 1, 1, 'bjhbhjb mknmkjnjknjbjkbjbjkbjb', 'bjhbhjb-mknmkjnjknjbjkbjbjkbjb', 'hvhvh', 676886, 67767, 67677, '76', 'wisata10.jpg', '<p>promo bagus</p>', 0, 'contoh', 'budiatu', '2023-01-27 01:16:17', 'N'),
(5, 0, 1, 0, 1, 'contoh njknjkcnj jjksajkbsaj', 'contoh-njknjkcnj-jjksajkbsaj', 'pcs', 3242424, 0, 2147483647, '19', 'wisata283.jpg', '<p>njsfkjsnkaj</p>', 0, 'contoh', 'budiatu', '2023-01-26 14:55:34', 'N'),
(7, 0, 1, 1, 1, 'adminku', 'adminku', 's', 2147483647, 78372878, 78888, '12', 'wisata284.jpg', '<p>tesmjknjnj</p>\r\n', 1, 'contoh', 'admin', '2023-01-27 00:01:45', 'Y'),
(8, 0, 1, 1, 1, 'nnjknjnjknjnjnjn', 'nnjknjnjknjnjnjn', 'jn', 887, 87879, 8978, '8', 'wisata14.jpg', '<p>hbhbjnjnjknjknjk</p>\r\n', 3, 'contoh', 'admin', '2023-01-27 00:45:12', 'Y'),
(10, 0, 1, 1, 1, 'hjbh', 'hjbh', 'bh', 7987898, 0, 7878, '7', 'wisata285.jpg', '<p>hjnbj?</p>', 3, '', 'budiatu', '2023-01-27 18:54:32', 'N');

-- --------------------------------------------------------

--
-- Table structure for table `rb_produk_diskon`
--

CREATE TABLE `rb_produk_diskon` (
  `id_produk_diskon` int(11) NOT NULL,
  `id_produk` int(11) NOT NULL,
  `id_reseller` int(11) NOT NULL,
  `diskon` int(11) NOT NULL
) ENGINE=MyISAM DEFAULT CHARSET=latin1;

--
-- Dumping data for table `rb_produk_diskon`
--

INSERT INTO `rb_produk_diskon` (`id_produk_diskon`, `id_produk`, `id_reseller`, `diskon`) VALUES
(1, 3, 1, 20000),
(2, 5, 1, 0),
(3, 1, 1, 400000),
(4, 9, 1, 0),
(5, 10, 1, 0);

-- --------------------------------------------------------

--
-- Table structure for table `rb_provinsi`
--

CREATE TABLE `rb_provinsi` (
  `provinsi_id` int(11) NOT NULL,
  `nama_provinsi` varchar(50) NOT NULL
) ENGINE=MyISAM DEFAULT CHARSET=latin1;

--
-- Dumping data for table `rb_provinsi`
--

INSERT INTO `rb_provinsi` (`provinsi_id`, `nama_provinsi`) VALUES
(1, 'Bali'),
(2, 'Bangka Belitung'),
(3, 'Banten'),
(4, 'Bengkulu'),
(5, 'DI Yogyakarta'),
(6, 'DKI Jakarta'),
(7, 'Gorontalo'),
(8, 'Jambi'),
(9, 'Jawa Barat'),
(10, 'Jawa Tengah'),
(11, 'Jawa Timur'),
(12, 'Kalimantan Barat'),
(13, 'Kalimantan Selatan'),
(14, 'Kalimantan Tengah'),
(15, 'Kalimantan Timur'),
(16, 'Kalimantan Utara'),
(17, 'Kepulauan Riau'),
(18, 'Lampung'),
(19, 'Maluku'),
(20, 'Maluku Utara'),
(21, 'Nanggroe Aceh Darussalam (NAD)'),
(22, 'Nusa Tenggara Barat (NTB)'),
(23, 'Nusa Tenggara Timur (NTT)'),
(24, 'Papua'),
(25, 'Papua Barat'),
(26, 'Riau'),
(27, 'Sulawesi Barat'),
(28, 'Sulawesi Selatan'),
(29, 'Sulawesi Tengah'),
(30, 'Sulawesi Tenggara'),
(31, 'Sulawesi Utara'),
(32, 'Sumatera Barat'),
(33, 'Sumatera Selatan'),
(34, 'Sumatera Utara');

-- --------------------------------------------------------

--
-- Table structure for table `rb_rekening`
--

CREATE TABLE `rb_rekening` (
  `id_rekening` int(5) NOT NULL,
  `nama_bank` varchar(50) NOT NULL,
  `no_rekening` varchar(50) NOT NULL,
  `pemilik_rekening` varchar(150) NOT NULL
) ENGINE=MyISAM DEFAULT CHARSET=latin1;

--
-- Dumping data for table `rb_rekening`
--

INSERT INTO `rb_rekening` (`id_rekening`, `nama_bank`, `no_rekening`, `pemilik_rekening`) VALUES
(1, 'Bank BNI Syariah', '0817 0242 31', 'PT. BUKAKAPAK Indonesia'),
(2, 'Bank Mandiri Syariah', '7128 5288 67', 'PT. BUKAKAPAK Indonesia ');

-- --------------------------------------------------------

--
-- Table structure for table `rb_rekening_reseller`
--

CREATE TABLE `rb_rekening_reseller` (
  `id_rekening_reseller` int(11) NOT NULL,
  `id_reseller` int(11) NOT NULL,
  `nama_bank` varchar(50) NOT NULL,
  `no_rekening` varchar(50) NOT NULL,
  `pemilik_rekening` varchar(150) NOT NULL
) ENGINE=MyISAM DEFAULT CHARSET=latin1;

--
-- Dumping data for table `rb_rekening_reseller`
--

INSERT INTO `rb_rekening_reseller` (`id_rekening_reseller`, `id_reseller`, `nama_bank`, `no_rekening`, `pemilik_rekening`) VALUES
(1, 1, 'BRI', '5645454565645', 'Budi Santoso');

-- --------------------------------------------------------

--
-- Table structure for table `rb_reseller`
--

CREATE TABLE `rb_reseller` (
  `id_reseller` int(11) NOT NULL,
  `username` varchar(50) NOT NULL,
  `password` varchar(255) NOT NULL,
  `nama_reseller` varchar(255) NOT NULL,
  `jenis_kelamin` varchar(50) NOT NULL,
  `kota_id` int(11) NOT NULL,
  `alamat_lengkap` text NOT NULL,
  `no_telpon` varchar(15) NOT NULL,
  `email` varchar(100) NOT NULL,
  `kode_pos` int(7) NOT NULL,
  `keterangan` text NOT NULL,
  `foto` varchar(255) NOT NULL,
  `referral` varchar(50) NOT NULL,
  `tanggal_daftar` datetime NOT NULL
) ENGINE=MyISAM DEFAULT CHARSET=latin1;

--
-- Dumping data for table `rb_reseller`
--

INSERT INTO `rb_reseller` (`id_reseller`, `username`, `password`, `nama_reseller`, `jenis_kelamin`, `kota_id`, `alamat_lengkap`, `no_telpon`, `email`, `kode_pos`, `keterangan`, `foto`, `referral`, `tanggal_daftar`) VALUES
(1, 'budiatu', 'd7d2f602e155ba700ed76c48d9a48009b9383e8d17435bfb0fe8ad7c664d4002f16cc7a65c6fb066963714a794f96441ef7f9b9c1b1456acfb9225cbad474fb0', 'gilakodingan', 'Laki-laki', 155, 'jl pahlawan', '887687756757', 'i3d154tu@gmail.com', 14140, 'sukses', '166365669821211.jpg', 'budiatu', '2023-01-21 00:00:00');

-- --------------------------------------------------------

--
-- Table structure for table `rb_reseller_cod`
--

CREATE TABLE `rb_reseller_cod` (
  `id_reseller` int(11) NOT NULL,
  `nama_alamat` varchar(50) NOT NULL,
  `biaya_cod` int(10) NOT NULL
) ENGINE=InnoDB DEFAULT CHARSET=utf8mb4;

--
-- Dumping data for table `rb_reseller_cod`
--

INSERT INTO `rb_reseller_cod` (`id_reseller`, `nama_alamat`, `biaya_cod`) VALUES
(1, 'rumah', 20000);

-- --------------------------------------------------------

--
-- Table structure for table `rb_reward`
--

CREATE TABLE `rb_reward` (
  `id_reward` int(5) NOT NULL,
  `posisi` int(100) NOT NULL,
  `reward` varchar(255) NOT NULL
) ENGINE=MyISAM DEFAULT CHARSET=latin1;

-- --------------------------------------------------------

--
-- Table structure for table `rb_setting`
--

CREATE TABLE `rb_setting` (
  `id_setting` int(11) NOT NULL,
  `referral` int(11) NOT NULL,
  `tanggal_pencairan` varchar(11) NOT NULL,
  `aktif` enum('Y','N') NOT NULL
) ENGINE=MyISAM DEFAULT CHARSET=latin1;

--
-- Dumping data for table `rb_setting`
--

INSERT INTO `rb_setting` (`id_setting`, `referral`, `tanggal_pencairan`, `aktif`) VALUES
(1, 5, '1', 'Y');

-- --------------------------------------------------------

--
-- Table structure for table `rb_supplier`
--

CREATE TABLE `rb_supplier` (
  `id_supplier` int(11) NOT NULL,
  `nama_supplier` varchar(255) NOT NULL,
  `kontak_person` varchar(100) NOT NULL,
  `alamat_lengkap` text NOT NULL,
  `no_hp` varchar(15) NOT NULL,
  `alamat_email` varchar(100) NOT NULL,
  `kode_pos` int(10) NOT NULL,
  `no_telpon` varchar(15) NOT NULL,
  `fax` varchar(15) NOT NULL,
  `keterangan` text NOT NULL
) ENGINE=MyISAM DEFAULT CHARSET=latin1;

-- --------------------------------------------------------

--
-- Table structure for table `sekilasinfo`
--

CREATE TABLE `sekilasinfo` (
  `id_sekilas` int(5) NOT NULL,
  `info` varchar(100) COLLATE latin1_general_ci NOT NULL,
  `tgl_posting` date NOT NULL,
  `gambar` varchar(100) COLLATE latin1_general_ci NOT NULL,
  `aktif` enum('Y','N') COLLATE latin1_general_ci NOT NULL DEFAULT 'Y'
) ENGINE=MyISAM DEFAULT CHARSET=latin1 COLLATE=latin1_general_ci;

--
-- Dumping data for table `sekilasinfo`
--

INSERT INTO `sekilasinfo` (`id_sekilas`, `info`, `tgl_posting`, `gambar`, `aktif`) VALUES
(1, 'contoh', '2023-01-28', 'gilakodingan.jpg', 'Y');

-- --------------------------------------------------------

--
-- Table structure for table `statistik`
--

CREATE TABLE `statistik` (
  `ip` varchar(20) NOT NULL DEFAULT '',
  `tanggal` date NOT NULL,
  `hits` int(10) NOT NULL DEFAULT 1,
  `online` varchar(255) NOT NULL
) ENGINE=MyISAM DEFAULT CHARSET=latin1;

--
-- Dumping data for table `statistik`
--

INSERT INTO `statistik` (`ip`, `tanggal`, `hits`, `online`) VALUES
('::1', '2023-01-21', 233, '1674298530'),
('::1', '2023-01-22', 30, '1674379428'),
('::1', '2023-01-24', 15, '1674562298'),
('::1', '2023-01-26', 699, '1674752244'),
('::1', '2023-01-27', 614, '1674838643'),
('::1', '2023-01-28', 30, '1674840540');

-- --------------------------------------------------------

--
-- Table structure for table `tag`
--

CREATE TABLE `tag` (
  `id_tag` int(5) NOT NULL,
  `nama_tag` varchar(100) COLLATE latin1_general_ci NOT NULL,
  `username` varchar(50) COLLATE latin1_general_ci NOT NULL,
  `tag_seo` varchar(100) COLLATE latin1_general_ci NOT NULL,
  `count` int(5) NOT NULL
) ENGINE=MyISAM DEFAULT CHARSET=latin1 COLLATE=latin1_general_ci;

--
-- Dumping data for table `tag`
--

INSERT INTO `tag` (`id_tag`, `nama_tag`, `username`, `tag_seo`, `count`) VALUES
(1, 'Contoh', 'admin', 'contoh', 0);

-- --------------------------------------------------------

--
-- Table structure for table `tagvid`
--

CREATE TABLE `tagvid` (
  `id_tag` int(5) NOT NULL,
  `nama_tag` varchar(100) COLLATE latin1_general_ci NOT NULL,
  `username` varchar(50) COLLATE latin1_general_ci NOT NULL,
  `tag_seo` varchar(100) COLLATE latin1_general_ci NOT NULL,
  `count` int(5) NOT NULL
) ENGINE=MyISAM DEFAULT CHARSET=latin1 COLLATE=latin1_general_ci;

-- --------------------------------------------------------

--
-- Table structure for table `tbl_comment`
--

CREATE TABLE `tbl_comment` (
  `id_komentar` int(5) NOT NULL,
  `reply` int(5) NOT NULL,
  `nama_lengkap` varchar(150) NOT NULL,
  `alamat_email` varchar(150) NOT NULL,
  `isi_pesan` text NOT NULL,
  `tanggal_komentar` date NOT NULL,
  `jam_komentar` time NOT NULL
) ENGINE=MyISAM DEFAULT CHARSET=latin1;

-- --------------------------------------------------------

--
-- Table structure for table `templates`
--

CREATE TABLE `templates` (
  `id_templates` int(5) NOT NULL,
  `judul` varchar(100) COLLATE latin1_general_ci NOT NULL,
  `username` varchar(50) COLLATE latin1_general_ci NOT NULL,
  `pembuat` varchar(50) COLLATE latin1_general_ci NOT NULL,
  `folder` varchar(50) COLLATE latin1_general_ci NOT NULL,
  `aktif` enum('Y','N') COLLATE latin1_general_ci NOT NULL DEFAULT 'N'
) ENGINE=MyISAM DEFAULT CHARSET=latin1 COLLATE=latin1_general_ci;

--
-- Dumping data for table `templates`
--

INSERT INTO `templates` (`id_templates`, `judul`, `username`, `pembuat`, `folder`, `aktif`) VALUES
(22, 'Gila Kodingan', 'admin', 'Budi Santoso', 'phpmu-tigo', 'Y');

-- --------------------------------------------------------

--
-- Table structure for table `testimoni`
--

CREATE TABLE `testimoni` (
  `id_testimoni` int(11) NOT NULL,
  `id_konsumen` int(11) NOT NULL,
  `isi_testimoni` text NOT NULL,
  `aktif` enum('Y','N') NOT NULL,
  `waktu_testimoni` datetime NOT NULL
) ENGINE=MyISAM DEFAULT CHARSET=latin1;

-- --------------------------------------------------------

--
-- Table structure for table `users`
--

CREATE TABLE `users` (
  `username` varchar(50) CHARACTER SET latin1 COLLATE latin1_general_ci NOT NULL,
  `password` varchar(255) CHARACTER SET latin1 COLLATE latin1_general_ci NOT NULL,
  `nama_lengkap` varchar(100) CHARACTER SET latin1 COLLATE latin1_general_ci NOT NULL,
  `email` varchar(100) CHARACTER SET latin1 COLLATE latin1_general_ci NOT NULL,
  `no_telp` varchar(20) CHARACTER SET latin1 COLLATE latin1_general_ci NOT NULL,
  `foto` varchar(100) CHARACTER SET latin1 COLLATE latin1_general_ci NOT NULL,
  `level` varchar(20) CHARACTER SET latin1 COLLATE latin1_general_ci NOT NULL DEFAULT 'user',
  `blokir` enum('Y','N') CHARACTER SET latin1 COLLATE latin1_general_ci NOT NULL DEFAULT 'N',
  `id_session` varchar(255) NOT NULL
) ENGINE=MyISAM DEFAULT CHARSET=latin1;

--
-- Dumping data for table `users`
--

INSERT INTO `users` (`username`, `password`, `nama_lengkap`, `email`, `no_telp`, `foto`, `level`, `blokir`, `id_session`) VALUES
('admin', 'bff0cc42103de1b4721370e84dc24f635a7afeca41198c9b3e03946a1b6b7191d14356408a5e57ce6daf77e6e800c66fac7ab0482d57d48d23e6808e4b562daa', 'Budi Santoso', 'i3udi4tu@gmail.com', '083897318462', '20220801_1506211.jpg', 'admin', 'N', 'q173s8hs1jl04st35169ccl8o7'),
('budiatu', 'd7d2f602e155ba700ed76c48d9a48009b9383e8d17435bfb0fe8ad7c664d4002f16cc7a65c6fb066963714a794f96441ef7f9b9c1b1456acfb9225cbad474fb0', 'Budi Saja', 'atuaja88@gmail.com', '87867867868', '', 'kontributor', 'N', '66b6041cb54f246eff0dda717941ca7c-20230121092104');

-- --------------------------------------------------------

--
-- Table structure for table `users_modul`
--

CREATE TABLE `users_modul` (
  `id_umod` int(11) NOT NULL,
  `id_session` varchar(255) NOT NULL,
  `id_modul` int(11) NOT NULL
) ENGINE=MyISAM DEFAULT CHARSET=latin1;

--
-- Dumping data for table `users_modul`
--

INSERT INTO `users_modul` (`id_umod`, `id_session`, `id_modul`) VALUES
(1, 'ed1d859c50262701d92e5cbf39652792-20170120090507', 70),
(2, 'ed1d859c50262701d92e5cbf39652792-20170120090507', 65),
(3, 'ed1d859c50262701d92e5cbf39652792-20170120090507', 63),
(4, 'f76ad5ee772ac196cbc09824e24859ee', 70),
(5, 'f76ad5ee772ac196cbc09824e24859ee', 65),
(6, 'f76ad5ee772ac196cbc09824e24859ee', 63),
(7, 'ed1d859c50262701d92e5cbf39652792-20170120090507', 18),
(8, 'ed1d859c50262701d92e5cbf39652792-20170120090507', 66),
(9, 'ed1d859c50262701d92e5cbf39652792-20170120090507', 33),
(10, '3460d81e02faa3559f9e02c9a766fcbd-20170124215625', 18),
(11, 'ed1d859c50262701d92e5cbf39652792-20170120090507', 41),
(12, '6bec9c852847242e384a4d5ac0962ba0-20170406140423', 18),
(13, 'fa7688658d8b38aae731826ea1daebb5-20170521103501', 18),
(14, 'cfcd208495d565ef66e7dff9f98764da-20180421112213', 18),
(15, '66b6041cb54f246eff0dda717941ca7c-20230120170309', 18),
(17, '66b6041cb54f246eff0dda717941ca7c-20230121092104', 18);

-- --------------------------------------------------------

--
-- Table structure for table `video`
--

CREATE TABLE `video` (
  `id_video` int(5) NOT NULL,
  `id_playlist` int(5) NOT NULL,
  `username` varchar(30) COLLATE latin1_general_ci NOT NULL,
  `jdl_video` varchar(100) COLLATE latin1_general_ci NOT NULL,
  `video_seo` varchar(100) COLLATE latin1_general_ci NOT NULL,
  `keterangan` text COLLATE latin1_general_ci NOT NULL,
  `gbr_video` varchar(100) COLLATE latin1_general_ci NOT NULL,
  `video` varchar(100) COLLATE latin1_general_ci NOT NULL,
  `youtube` varchar(100) COLLATE latin1_general_ci NOT NULL,
  `dilihat` int(7) NOT NULL DEFAULT 1,
  `hari` varchar(20) COLLATE latin1_general_ci NOT NULL,
  `tanggal` date NOT NULL,
  `jam` time NOT NULL,
  `tagvid` varchar(100) COLLATE latin1_general_ci NOT NULL
) ENGINE=MyISAM DEFAULT CHARSET=latin1 COLLATE=latin1_general_ci;

--
-- Dumping data for table `video`
--

INSERT INTO `video` (`id_video`, `id_playlist`, `username`, `jdl_video`, `video_seo`, `keterangan`, `gbr_video`, `video`, `youtube`, `dilihat`, `hari`, `tanggal`, `jam`, `tagvid`) VALUES
(1, 63, 'admin', 'contoh', 'contoh', '<p>tetstss</p>\r\n', 'Codeighneiter.jpg', 'Codeighneiter.jpg', 'atuaja88@gmail.com', 0, 'Jumat', '2023-01-27', '22:31:59', '');

--
-- Indexes for dumped tables
--

--
-- Indexes for table `agenda`
--
ALTER TABLE `agenda`
  ADD PRIMARY KEY (`id_agenda`);

--
-- Indexes for table `album`
--
ALTER TABLE `album`
  ADD PRIMARY KEY (`id_album`);

--
-- Indexes for table `background`
--
ALTER TABLE `background`
  ADD PRIMARY KEY (`id_background`);

--
-- Indexes for table `banner`
--
ALTER TABLE `banner`
  ADD PRIMARY KEY (`id_banner`);

--
-- Indexes for table `berita`
--
ALTER TABLE `berita`
  ADD PRIMARY KEY (`id_berita`);

--
-- Indexes for table `download`
--
ALTER TABLE `download`
  ADD PRIMARY KEY (`id_download`);

--
-- Indexes for table `gallery`
--
ALTER TABLE `gallery`
  ADD PRIMARY KEY (`id_gallery`);

--
-- Indexes for table `halamanstatis`
--
ALTER TABLE `halamanstatis`
  ADD PRIMARY KEY (`id_halaman`);

--
-- Indexes for table `header`
--
ALTER TABLE `header`
  ADD PRIMARY KEY (`id_header`);

--
-- Indexes for table `hubungi`
--
ALTER TABLE `hubungi`
  ADD PRIMARY KEY (`id_hubungi`);

--
-- Indexes for table `identitas`
--
ALTER TABLE `identitas`
  ADD PRIMARY KEY (`id_identitas`);

--
-- Indexes for table `iklanatas`
--
ALTER TABLE `iklanatas`
  ADD PRIMARY KEY (`id_iklanatas`);

--
-- Indexes for table `iklantengah`
--
ALTER TABLE `iklantengah`
  ADD PRIMARY KEY (`id_iklantengah`);

--
-- Indexes for table `katajelek`
--
ALTER TABLE `katajelek`
  ADD PRIMARY KEY (`id_jelek`);

--
-- Indexes for table `kategori`
--
ALTER TABLE `kategori`
  ADD PRIMARY KEY (`id_kategori`);

--
-- Indexes for table `komentar`
--
ALTER TABLE `komentar`
  ADD PRIMARY KEY (`id_komentar`);

--
-- Indexes for table `komentarvid`
--
ALTER TABLE `komentarvid`
  ADD PRIMARY KEY (`id_komentar`);

--
-- Indexes for table `logo`
--
ALTER TABLE `logo`
  ADD PRIMARY KEY (`id_logo`);

--
-- Indexes for table `menu`
--
ALTER TABLE `menu`
  ADD PRIMARY KEY (`id_menu`);

--
-- Indexes for table `modul`
--
ALTER TABLE `modul`
  ADD PRIMARY KEY (`id_modul`);

--
-- Indexes for table `mod_alamat`
--
ALTER TABLE `mod_alamat`
  ADD PRIMARY KEY (`id_alamat`);

--
-- Indexes for table `mod_ym`
--
ALTER TABLE `mod_ym`
  ADD PRIMARY KEY (`id`);

--
-- Indexes for table `pasangiklan`
--
ALTER TABLE `pasangiklan`
  ADD PRIMARY KEY (`id_pasangiklan`);

--
-- Indexes for table `playlist`
--
ALTER TABLE `playlist`
  ADD PRIMARY KEY (`id_playlist`);

--
-- Indexes for table `poling`
--
ALTER TABLE `poling`
  ADD PRIMARY KEY (`id_poling`);

--
-- Indexes for table `rb_bonus`
--
ALTER TABLE `rb_bonus`
  ADD PRIMARY KEY (`id_bonus`);

--
-- Indexes for table `rb_kategori_produk`
--
ALTER TABLE `rb_kategori_produk`
  ADD PRIMARY KEY (`id_kategori_produk`);

--
-- Indexes for table `rb_kategori_produk_sub`
--
ALTER TABLE `rb_kategori_produk_sub`
  ADD PRIMARY KEY (`id_kategori_produk_sub`);

--
-- Indexes for table `rb_keterangan`
--
ALTER TABLE `rb_keterangan`
  ADD PRIMARY KEY (`id_keterangan`);

--
-- Indexes for table `rb_konfirmasi_pembayaran`
--
ALTER TABLE `rb_konfirmasi_pembayaran`
  ADD PRIMARY KEY (`id_konfirmasi_pembayaran`);

--
-- Indexes for table `rb_konfirmasi_pembayaran_konsumen`
--
ALTER TABLE `rb_konfirmasi_pembayaran_konsumen`
  ADD PRIMARY KEY (`id_konfirmasi_pembayaran`);

--
-- Indexes for table `rb_konsumen`
--
ALTER TABLE `rb_konsumen`
  ADD PRIMARY KEY (`id_konsumen`);

--
-- Indexes for table `rb_kota`
--
ALTER TABLE `rb_kota`
  ADD PRIMARY KEY (`kota_id`);

--
-- Indexes for table `rb_pembayaran_bonus`
--
ALTER TABLE `rb_pembayaran_bonus`
  ADD PRIMARY KEY (`id_pembayaran_bonus`);

--
-- Indexes for table `rb_pembelian`
--
ALTER TABLE `rb_pembelian`
  ADD PRIMARY KEY (`id_pembelian`);

--
-- Indexes for table `rb_pembelian_detail`
--
ALTER TABLE `rb_pembelian_detail`
  ADD PRIMARY KEY (`id_pembelian_detail`);

--
-- Indexes for table `rb_pencairan_bonus`
--
ALTER TABLE `rb_pencairan_bonus`
  ADD PRIMARY KEY (`id_pencairan_bonus`);

--
-- Indexes for table `rb_pencairan_reward`
--
ALTER TABLE `rb_pencairan_reward`
  ADD PRIMARY KEY (`id_pencairan_reward`);

--
-- Indexes for table `rb_penjualan`
--
ALTER TABLE `rb_penjualan`
  ADD PRIMARY KEY (`id_penjualan`);

--
-- Indexes for table `rb_penjualan_detail`
--
ALTER TABLE `rb_penjualan_detail`
  ADD PRIMARY KEY (`id_penjualan_detail`);

--
-- Indexes for table `rb_penjualan_temp`
--
ALTER TABLE `rb_penjualan_temp`
  ADD PRIMARY KEY (`id_penjualan_detail`);

--
-- Indexes for table `rb_produk`
--
ALTER TABLE `rb_produk`
  ADD PRIMARY KEY (`id_produk`);

--
-- Indexes for table `rb_produk_diskon`
--
ALTER TABLE `rb_produk_diskon`
  ADD PRIMARY KEY (`id_produk_diskon`);

--
-- Indexes for table `rb_provinsi`
--
ALTER TABLE `rb_provinsi`
  ADD PRIMARY KEY (`provinsi_id`);

--
-- Indexes for table `rb_rekening`
--
ALTER TABLE `rb_rekening`
  ADD PRIMARY KEY (`id_rekening`);

--
-- Indexes for table `rb_rekening_reseller`
--
ALTER TABLE `rb_rekening_reseller`
  ADD PRIMARY KEY (`id_rekening_reseller`);

--
-- Indexes for table `rb_reseller`
--
ALTER TABLE `rb_reseller`
  ADD PRIMARY KEY (`id_reseller`);

--
-- Indexes for table `rb_reward`
--
ALTER TABLE `rb_reward`
  ADD PRIMARY KEY (`id_reward`);

--
-- Indexes for table `rb_setting`
--
ALTER TABLE `rb_setting`
  ADD PRIMARY KEY (`id_setting`);

--
-- Indexes for table `rb_supplier`
--
ALTER TABLE `rb_supplier`
  ADD PRIMARY KEY (`id_supplier`);

--
-- Indexes for table `sekilasinfo`
--
ALTER TABLE `sekilasinfo`
  ADD PRIMARY KEY (`id_sekilas`);

--
-- Indexes for table `tag`
--
ALTER TABLE `tag`
  ADD PRIMARY KEY (`id_tag`);

--
-- Indexes for table `tagvid`
--
ALTER TABLE `tagvid`
  ADD PRIMARY KEY (`id_tag`);

--
-- Indexes for table `tbl_comment`
--
ALTER TABLE `tbl_comment`
  ADD PRIMARY KEY (`id_komentar`);

--
-- Indexes for table `templates`
--
ALTER TABLE `templates`
  ADD PRIMARY KEY (`id_templates`);

--
-- Indexes for table `testimoni`
--
ALTER TABLE `testimoni`
  ADD PRIMARY KEY (`id_testimoni`);

--
-- Indexes for table `users`
--
ALTER TABLE `users`
  ADD PRIMARY KEY (`username`);

--
-- Indexes for table `users_modul`
--
ALTER TABLE `users_modul`
  ADD PRIMARY KEY (`id_umod`);

--
-- Indexes for table `video`
--
ALTER TABLE `video`
  ADD PRIMARY KEY (`id_video`);

--
-- AUTO_INCREMENT for dumped tables
--

--
-- AUTO_INCREMENT for table `agenda`
--
ALTER TABLE `agenda`
  MODIFY `id_agenda` int(5) NOT NULL AUTO_INCREMENT, AUTO_INCREMENT=70;

--
-- AUTO_INCREMENT for table `album`
--
ALTER TABLE `album`
  MODIFY `id_album` int(5) NOT NULL AUTO_INCREMENT, AUTO_INCREMENT=8;

--
-- AUTO_INCREMENT for table `background`
--
ALTER TABLE `background`
  MODIFY `id_background` int(5) NOT NULL AUTO_INCREMENT, AUTO_INCREMENT=2;

--
-- AUTO_INCREMENT for table `banner`
--
ALTER TABLE `banner`
  MODIFY `id_banner` int(5) NOT NULL AUTO_INCREMENT;

--
-- AUTO_INCREMENT for table `berita`
--
ALTER TABLE `berita`
  MODIFY `id_berita` int(5) NOT NULL AUTO_INCREMENT, AUTO_INCREMENT=2;

--
-- AUTO_INCREMENT for table `download`
--
ALTER TABLE `download`
  MODIFY `id_download` int(5) NOT NULL AUTO_INCREMENT;

--
-- AUTO_INCREMENT for table `gallery`
--
ALTER TABLE `gallery`
  MODIFY `id_gallery` int(5) NOT NULL AUTO_INCREMENT, AUTO_INCREMENT=2;

--
-- AUTO_INCREMENT for table `halamanstatis`
--
ALTER TABLE `halamanstatis`
  MODIFY `id_halaman` int(5) NOT NULL AUTO_INCREMENT, AUTO_INCREMENT=52;

--
-- AUTO_INCREMENT for table `header`
--
ALTER TABLE `header`
  MODIFY `id_header` int(5) NOT NULL AUTO_INCREMENT, AUTO_INCREMENT=34;

--
-- AUTO_INCREMENT for table `hubungi`
--
ALTER TABLE `hubungi`
  MODIFY `id_hubungi` int(5) NOT NULL AUTO_INCREMENT, AUTO_INCREMENT=42;

--
-- AUTO_INCREMENT for table `identitas`
--
ALTER TABLE `identitas`
  MODIFY `id_identitas` int(5) NOT NULL AUTO_INCREMENT, AUTO_INCREMENT=2;

--
-- AUTO_INCREMENT for table `iklanatas`
--
ALTER TABLE `iklanatas`
  MODIFY `id_iklanatas` int(5) NOT NULL AUTO_INCREMENT, AUTO_INCREMENT=46;

--
-- AUTO_INCREMENT for table `iklantengah`
--
ALTER TABLE `iklantengah`
  MODIFY `id_iklantengah` int(5) NOT NULL AUTO_INCREMENT, AUTO_INCREMENT=34;

--
-- AUTO_INCREMENT for table `katajelek`
--
ALTER TABLE `katajelek`
  MODIFY `id_jelek` int(11) NOT NULL AUTO_INCREMENT, AUTO_INCREMENT=9;

--
-- AUTO_INCREMENT for table `kategori`
--
ALTER TABLE `kategori`
  MODIFY `id_kategori` int(5) NOT NULL AUTO_INCREMENT, AUTO_INCREMENT=2;

--
-- AUTO_INCREMENT for table `komentar`
--
ALTER TABLE `komentar`
  MODIFY `id_komentar` int(5) NOT NULL AUTO_INCREMENT, AUTO_INCREMENT=3;

--
-- AUTO_INCREMENT for table `komentarvid`
--
ALTER TABLE `komentarvid`
  MODIFY `id_komentar` int(5) NOT NULL AUTO_INCREMENT, AUTO_INCREMENT=117;

--
-- AUTO_INCREMENT for table `logo`
--
ALTER TABLE `logo`
  MODIFY `id_logo` int(5) NOT NULL AUTO_INCREMENT, AUTO_INCREMENT=18;

--
-- AUTO_INCREMENT for table `menu`
--
ALTER TABLE `menu`
  MODIFY `id_menu` int(5) NOT NULL AUTO_INCREMENT, AUTO_INCREMENT=160;

--
-- AUTO_INCREMENT for table `modul`
--
ALTER TABLE `modul`
  MODIFY `id_modul` int(5) NOT NULL AUTO_INCREMENT, AUTO_INCREMENT=76;

--
-- AUTO_INCREMENT for table `mod_alamat`
--
ALTER TABLE `mod_alamat`
  MODIFY `id_alamat` int(5) NOT NULL AUTO_INCREMENT, AUTO_INCREMENT=2;

--
-- AUTO_INCREMENT for table `mod_ym`
--
ALTER TABLE `mod_ym`
  MODIFY `id` int(11) NOT NULL AUTO_INCREMENT, AUTO_INCREMENT=2;

--
-- AUTO_INCREMENT for table `pasangiklan`
--
ALTER TABLE `pasangiklan`
  MODIFY `id_pasangiklan` int(5) NOT NULL AUTO_INCREMENT, AUTO_INCREMENT=34;

--
-- AUTO_INCREMENT for table `playlist`
--
ALTER TABLE `playlist`
  MODIFY `id_playlist` int(5) NOT NULL AUTO_INCREMENT, AUTO_INCREMENT=69;

--
-- AUTO_INCREMENT for table `poling`
--
ALTER TABLE `poling`
  MODIFY `id_poling` int(5) NOT NULL AUTO_INCREMENT, AUTO_INCREMENT=38;

--
-- AUTO_INCREMENT for table `rb_bonus`
--
ALTER TABLE `rb_bonus`
  MODIFY `id_bonus` int(11) NOT NULL AUTO_INCREMENT, AUTO_INCREMENT=9;

--
-- AUTO_INCREMENT for table `rb_kategori_produk`
--
ALTER TABLE `rb_kategori_produk`
  MODIFY `id_kategori_produk` int(11) NOT NULL AUTO_INCREMENT, AUTO_INCREMENT=2;

--
-- AUTO_INCREMENT for table `rb_kategori_produk_sub`
--
ALTER TABLE `rb_kategori_produk_sub`
  MODIFY `id_kategori_produk_sub` int(11) NOT NULL AUTO_INCREMENT, AUTO_INCREMENT=2;

--
-- AUTO_INCREMENT for table `rb_keterangan`
--
ALTER TABLE `rb_keterangan`
  MODIFY `id_keterangan` int(5) NOT NULL AUTO_INCREMENT;

--
-- AUTO_INCREMENT for table `rb_konfirmasi_pembayaran`
--
ALTER TABLE `rb_konfirmasi_pembayaran`
  MODIFY `id_konfirmasi_pembayaran` int(11) NOT NULL AUTO_INCREMENT;

--
-- AUTO_INCREMENT for table `rb_konfirmasi_pembayaran_konsumen`
--
ALTER TABLE `rb_konfirmasi_pembayaran_konsumen`
  MODIFY `id_konfirmasi_pembayaran` int(11) NOT NULL AUTO_INCREMENT;

--
-- AUTO_INCREMENT for table `rb_konsumen`
--
ALTER TABLE `rb_konsumen`
  MODIFY `id_konsumen` int(11) NOT NULL AUTO_INCREMENT, AUTO_INCREMENT=2;

--
-- AUTO_INCREMENT for table `rb_kota`
--
ALTER TABLE `rb_kota`
  MODIFY `kota_id` int(11) NOT NULL AUTO_INCREMENT, AUTO_INCREMENT=502;

--
-- AUTO_INCREMENT for table `rb_pembayaran_bonus`
--
ALTER TABLE `rb_pembayaran_bonus`
  MODIFY `id_pembayaran_bonus` int(10) NOT NULL AUTO_INCREMENT, AUTO_INCREMENT=3;

--
-- AUTO_INCREMENT for table `rb_pembelian`
--
ALTER TABLE `rb_pembelian`
  MODIFY `id_pembelian` int(11) NOT NULL AUTO_INCREMENT;

--
-- AUTO_INCREMENT for table `rb_pembelian_detail`
--
ALTER TABLE `rb_pembelian_detail`
  MODIFY `id_pembelian_detail` int(11) NOT NULL AUTO_INCREMENT;

--
-- AUTO_INCREMENT for table `rb_pencairan_bonus`
--
ALTER TABLE `rb_pencairan_bonus`
  MODIFY `id_pencairan_bonus` int(11) NOT NULL AUTO_INCREMENT;

--
-- AUTO_INCREMENT for table `rb_pencairan_reward`
--
ALTER TABLE `rb_pencairan_reward`
  MODIFY `id_pencairan_reward` int(11) NOT NULL AUTO_INCREMENT;

--
-- AUTO_INCREMENT for table `rb_penjualan`
--
ALTER TABLE `rb_penjualan`
  MODIFY `id_penjualan` int(11) NOT NULL AUTO_INCREMENT, AUTO_INCREMENT=21;

--
-- AUTO_INCREMENT for table `rb_penjualan_detail`
--
ALTER TABLE `rb_penjualan_detail`
  MODIFY `id_penjualan_detail` int(11) NOT NULL AUTO_INCREMENT, AUTO_INCREMENT=21;

--
-- AUTO_INCREMENT for table `rb_penjualan_temp`
--
ALTER TABLE `rb_penjualan_temp`
  MODIFY `id_penjualan_detail` int(11) NOT NULL AUTO_INCREMENT, AUTO_INCREMENT=16;

--
-- AUTO_INCREMENT for table `rb_produk`
--
ALTER TABLE `rb_produk`
  MODIFY `id_produk` int(11) NOT NULL AUTO_INCREMENT, AUTO_INCREMENT=11;

--
-- AUTO_INCREMENT for table `rb_produk_diskon`
--
ALTER TABLE `rb_produk_diskon`
  MODIFY `id_produk_diskon` int(11) NOT NULL AUTO_INCREMENT, AUTO_INCREMENT=6;

--
-- AUTO_INCREMENT for table `rb_provinsi`
--
ALTER TABLE `rb_provinsi`
  MODIFY `provinsi_id` int(11) NOT NULL AUTO_INCREMENT, AUTO_INCREMENT=35;

--
-- AUTO_INCREMENT for table `rb_rekening`
--
ALTER TABLE `rb_rekening`
  MODIFY `id_rekening` int(5) NOT NULL AUTO_INCREMENT, AUTO_INCREMENT=3;

--
-- AUTO_INCREMENT for table `rb_rekening_reseller`
--
ALTER TABLE `rb_rekening_reseller`
  MODIFY `id_rekening_reseller` int(11) NOT NULL AUTO_INCREMENT, AUTO_INCREMENT=2;

--
-- AUTO_INCREMENT for table `rb_reseller`
--
ALTER TABLE `rb_reseller`
  MODIFY `id_reseller` int(11) NOT NULL AUTO_INCREMENT, AUTO_INCREMENT=2;

--
-- AUTO_INCREMENT for table `rb_reward`
--
ALTER TABLE `rb_reward`
  MODIFY `id_reward` int(5) NOT NULL AUTO_INCREMENT;

--
-- AUTO_INCREMENT for table `rb_setting`
--
ALTER TABLE `rb_setting`
  MODIFY `id_setting` int(11) NOT NULL AUTO_INCREMENT, AUTO_INCREMENT=2;

--
-- AUTO_INCREMENT for table `rb_supplier`
--
ALTER TABLE `rb_supplier`
  MODIFY `id_supplier` int(11) NOT NULL AUTO_INCREMENT;

--
-- AUTO_INCREMENT for table `sekilasinfo`
--
ALTER TABLE `sekilasinfo`
  MODIFY `id_sekilas` int(5) NOT NULL AUTO_INCREMENT, AUTO_INCREMENT=2;

--
-- AUTO_INCREMENT for table `tag`
--
ALTER TABLE `tag`
  MODIFY `id_tag` int(5) NOT NULL AUTO_INCREMENT, AUTO_INCREMENT=2;

--
-- AUTO_INCREMENT for table `tagvid`
--
ALTER TABLE `tagvid`
  MODIFY `id_tag` int(5) NOT NULL AUTO_INCREMENT;

--
-- AUTO_INCREMENT for table `tbl_comment`
--
ALTER TABLE `tbl_comment`
  MODIFY `id_komentar` int(5) NOT NULL AUTO_INCREMENT;

--
-- AUTO_INCREMENT for table `templates`
--
ALTER TABLE `templates`
  MODIFY `id_templates` int(5) NOT NULL AUTO_INCREMENT, AUTO_INCREMENT=24;

--
-- AUTO_INCREMENT for table `testimoni`
--
ALTER TABLE `testimoni`
  MODIFY `id_testimoni` int(11) NOT NULL AUTO_INCREMENT;

--
-- AUTO_INCREMENT for table `users_modul`
--
ALTER TABLE `users_modul`
  MODIFY `id_umod` int(11) NOT NULL AUTO_INCREMENT, AUTO_INCREMENT=18;

--
-- AUTO_INCREMENT for table `video`
--
ALTER TABLE `video`
  MODIFY `id_video` int(5) NOT NULL AUTO_INCREMENT, AUTO_INCREMENT=2;
COMMIT;

/*!40101 SET CHARACTER_SET_CLIENT=@OLD_CHARACTER_SET_CLIENT */;
/*!40101 SET CHARACTER_SET_RESULTS=@OLD_CHARACTER_SET_RESULTS */;
/*!40101 SET COLLATION_CONNECTION=@OLD_COLLATION_CONNECTION */;
